audience,port,type,question,desc,answer,attachment,bucket,categories
student,学生,其他,老师你好，我想问一下学生用了谷歌浏览器模考，试了两次听听力的时候都显示这个，没有声音，请问这是怎么回事呀,学生答题出现听力音频播放器初始化失败,网络问题,ecced761e3cae78acfaa3355f860565.jpg,review_rewrite_needed,"['音频/录音/听力', '浏览器/网络/缓存', '题库/录题/单词书/模考']"
student,学生,使用问题,麻烦老师帮忙看一下，学生连着做了4次了，这个雅思模考，这个是什么原因呀？都是做一半就卡住,学生完成雅思入学模考测试，答题卡住,学生未使用谷歌浏览器答题,,review_rewrite_needed,"['浏览器/网络/缓存', '题库/录题/单词书/模考']"
academic,教务,其他,为什么我在学员管理里面查到有学生是还没有，财务审批确认订单，就已经在了呢,学生转正的条件,学员从潜客转为正式学员 1: 需要确认订单 2:需要在公池操作转正,,review_rewrite_needed,"['订单/合同/报课/收费', '权限/角色/公池']"
sales,销售,其他,老师 你好 想请教你一下 就是我有一个已经结课的雅思学生 在咱们校校系统做了一份托福测试题 但是不管是顾问还是她之前的老师 都查看不到学生的做题记录 这个是需要在哪里查看呢,销售查不到学生入学模考,学生没有负责销售，销售管理员/校长可以看到,,review_rewrite_needed,"['权限/角色/公池', '题库/录题/单词书/模考']"
sales,销售,其他,后面做的怎么没有统计，可以看到做题的答卷吗，针对这一次模考，我怎么启用AI批改呢,学生入学模考没有分数,未开启AI批改,,review_rewrite_needed,"['作业/布置/批改/反馈', '题库/录题/单词书/模考']"
teacher,老师,其他,请问一下，学生已经做完卷子了，为什么显示是正在做、未提交，学生已经点了finish section了,学生已经交卷，但是老师看不到,学生未完成交卷,d3eb586c875c173872cc988361b07c0.jpg,review_rewrite_needed,['权限/角色/公池']
teacher,老师,使用问题,给这位老师能开一个传题的权限吗，他有账号，但是上传不上去题目，这是怎么回事啊,上传单词书没有显示单词数据,未按照模板上传,ad416d9d491a02c0333373a9bac0401.jpg,review_rewrite_needed,"['账号登录/密码/手机号', '权限/角色/公池', '题库/录题/单词书/模考']"
sales,销售,其他,想问一下，为什么将链接发过去给孩子，孩子填的推荐人也是我，但是我系统内经常看不到学生的测试卷？,学生答完入学模考，销售查看不到,学生在填手机号的时候分两种情况： 1、是系统内已有线索；2、是新线索 如果是系统内已有线索且目前有其他销售在跟进，需要由销售总监或校长账号重新将这条线索分配给到您 如果是新线索，会自动分配到您的潜客里,,review_rewrite_needed,"['账号登录/密码/手机号', '权限/角色/公池', '题库/录题/单词书/模考']"
teacher,老师,其他,这份单词有200个，为啥我上传系统只有199个,上传单词书，单词少一个,这个词表里面有重复的单词，上传系统会自动剔除一个,924b49393e4157596b82dd811325ba7.png,review_rewrite_needed,['题库/录题/单词书/模考']
teacher,老师,使用问题,请问标红的刘同学上完课了，反馈没有自动弹出来，后台帮忙看下啥情况呢,学生上完课后，首页没有课堂反馈的提醒,学生不在班级,,review_rewrite_needed,"['作业/布置/批改/反馈', '班级/排课/课时/考勤']"
academic,教务,其他,你好，我这边创建不了学生账号，手机号一直输不进去,教务创建学生账号，不能填写学生手机号,没有学生联系方式查看的权限,dcde82d8a26cbab3fc21956de3a2c2b.png,review_rewrite_needed,"['账号登录/密码/手机号', '权限/角色/公池']"
teacher,老师,操作疑问,你好，我想问一下，如何实现给一个学生批量布置任务啊，我们系统里给一个学生已经布置好了很多阅读任务，现在另外一个学生也需要这么进行布置，可以一键批量布置吗？就是这个学生的任务批量布置给其它学生,如何将学生的作业一键批量布置给其他学生,班级-点击常用作业-点击班级作业，找到已经布置过的班级，可以多选作业一键布置,7d251a5773c19989f1b79bc62fd7656.png,review_rewrite_needed,"['作业/布置/批改/反馈', '班级/排课/课时/考勤']"
teacher,老师,使用问题,我这里排有课，已经上完课，但是没有入口可以进入写反馈。,老师上完课无法填写反馈,班级内没有学生,7245a05faf25e2aefdb9af13489f8c8.png,review_rewrite_needed,"['作业/布置/批改/反馈', '班级/排课/课时/考勤']"
principal,校长,其他,我也有个疑问，为啥同是“校长”界面，我们的公众号提醒不同,都是校长界面，公众号提醒内容不一致,账号身份权限不同,478437aa35d3cf755a8ae480ec86c12.jpg,review_rewrite_needed,"['账号登录/密码/手机号', '权限/角色/公池', '小程序/公众号/二维码']"
student,学生,其他,老师您好， 我们学员背诵词汇遇到这个问题， 请问可以怎么解决啊,ipad单词答题，学习模式没有办法录音,未复现,5c2dc0c2ca5b7e1561dd3879c1d21272.mp4,review_rewrite_needed,['音频/录音/听力']
teacher,老师,其他,请问学生这个0s显示是为啥,学生SAT作业，结果页答题时间部分题目显示0秒,从最后一道题开始答，答完一道就点Back到前一道题继续答题，切换的时候就没有调接口记录单道题时长,fb1fa9a439598362674f657ef77109a.jpg,review_rewrite_needed,['作业/布置/批改/反馈']
teacher,老师,使用问题,你好，这堂课上完以后没有显示在待反馈课程里，无法写反馈，请问这是什么原因？,老师端上完课后没有出现待反馈,班级内没有学生,a62c687d2f3b8fc3b59e3703576553d.png,review_rewrite_needed,"['作业/布置/批改/反馈', '班级/排课/课时/考勤']"
teacher,老师,其他,为什么查看详情后题目数量不对,作业列表和结果页题目数量不对应,客户反馈题目数太多了重新分组了，所以分组前的作业那个数目会对不上,"0f746753a475233e8710978aa59fcc3.png,f25e3557a0e7e8b9cb29784d6c37747.png",review_rewrite_needed,['作业/布置/批改/反馈']
academic,教务,其他,Doreen 老师们，辛苦查看这两个端口 数据不一样，是什么问题？先是给学生建立赠送课计算机0.5小时，已经消掉了 今天给学生建立订单 计算机20小时，我留意到剩余课时-0.5小时，所以我建立续课订单的时候，选的是购买课时20小时+赠送课0.5小时,学生班级排课课时和学生订单剩余课时不一致,订单里面的赠送课时 只有记录的作用，不参与课消结转的计算，订单的剩余课时，是指购买课时的剩余,"6afff6f09baec9c07b40f9925f66cd6.png,f5d8d2f158fdb9758df0a394cb1a6a0.png",review_rewrite_needed,"['班级/排课/课时/考勤', '订单/合同/报课/收费']"
sales,销售,其他,表格按照这个模版来的，所以不知道哪里出现了问题,潜客名单导入提示参数缺失:潜客列表JSON转换后为空,未按照导入模板选择年级,3715a80e7591dafa492bc6ded85ff99.jpg,review_rewrite_needed,[]
teacher,老师,其他,这套题最后一题的答案错了，1/16是16分之一 不是1或者16,PSAT Practice test 1数学第27题答案有误,格式问题,67e0170e564a7421ae1e0a525002059.png,review_rewrite_needed,[]
teacher,老师,使用问题,你好，老师给【叶嘉伟】这个学生布置了练习，但是学生本人看不到练习？请问是什么情况科任老师布置的【作业模考】，教务身份和教师身份可以看到布置了。但是学生本人看不到,老师布置了，学生看不到作业,因为该班级是已结课状态，所以学生看不到,,review_rewrite_needed,"['作业/布置/批改/反馈', '班级/排课/课时/考勤', '权限/角色/公池', '题库/录题/单词书/模考']"
academic,教务,其他,老师好，学员信息界面的剩余课时 不等于 排课-班级界面的 剩余课时,学员信息界面的剩余课时 不等于 排课-班级界面的 剩余课时,学生入班时间以前上的课默认不算课消，如果需要算课消 要手动在考勤页面打一下考勤,6e1737cd1637dc04e9706d5fa23cd59.png,review_rewrite_needed,['班级/排课/课时/考勤']
teacher,老师,其他,这种为什么算错误呀,雅思学生答对了，但是判错,题目录入问题,,review_rewrite_needed,[]
teacher,老师,其他,ipad 登陆平台，题库学生也一样进不去,学生ipad题库答题点击没反应,是否有打开阻止弹出式窗口，如果开启了，需要关掉,,review_rewrite_needed,['题库/录题/单词书/模考']
teacher,老师,其他,我写完了反馈 也会在这个页面出现提醒哈，之前是上完的课 未写的反馈在这里,已填写课堂反馈，但是待反馈记录还是有显示,技术查了没有提交反馈记录,,review_rewrite_needed,['作业/布置/批改/反馈']
academic,教务,使用问题,到这个界面既不可以下一步，也不可以关闭,学生订单页面无法关闭,浏览器使用问题,f1ccd534156a33419e53e100a5abaa6.jpg,review_rewrite_needed,"['浏览器/网络/缓存', '订单/合同/报课/收费']"
student,学生,其他,亲！学生反应题库题IPAD做不了，只能电脑做，但好多学生只有IPAD，能不能搞成IPAD也能做的模式啊,ipad学生端题库点击做题没反应,学生safari设置里开启了阻止弹窗式窗口，需要关掉,,review_rewrite_needed,['题库/录题/单词书/模考']
teacher,老师,使用问题,老师 这个学生的模考阅读分数是不是有问题，辛苦帮忙看一下勒,托福分数有误,老师，分数是对的，老师布置的是“旧版托福”，而不是“7月新托福”，所以算分还是按旧托福方式来算分的,0331f2f60b92dcc21927803c7c771f1.png,review_rewrite_needed,"['作业/布置/批改/反馈', '题库/录题/单词书/模考']"
teacher,老师,其他,老师 系统上布置作业的tpo48的后面部分的模考出了点问题，我在预览模式下写作没有出现题目还是出现口语的界面，麻烦看下,TPO48预览写作出现口语,学生答题没有问题,,review_rewrite_needed,"['作业/布置/批改/反馈', '题库/录题/单词书/模考']"
student,学生,其他,小托福入学模考听力音频有问题,小托福入学模考听力音频有问题,专属题目，机构提供的音频,5208d4c868627b8e0a26392ca083c4f.jpg,review_rewrite_needed,"['音频/录音/听力', '题库/录题/单词书/模考']"
teacher,老师,其他,写作学生写了 但是没有评分，也看不到学生的作答,pte写作学生有答题，但是没有评分，也看不到学生的作答,有道批改没有数据报错,,review_rewrite_needed,"['作业/布置/批改/反馈', '权限/角色/公池']"
teacher,老师,其他,老师，这个分数是不是有问题呀,托福听力分数有误,系统分数没问题，老师自行修改的分数,553d932a4800c2cd0f84559ac6adbbf.jpg,review_rewrite_needed,['音频/录音/听力']
academic,教务,其他,这个学生我排了4个小时 但是显示剩余10小时，报名显示0,学员管理显示有剩余课时，但是学生没有订单，新报课显示没有课时,对应班级没有设置总课时数，那里的剩余课时是：班级总课时 - 已上课时，不是：班级已排课时 - 已上课时,"40098dc558ddaba264a5e8c374aefd1a_.png,74a5a25e190f49fcda2a5711ddf173f9_.png",review_rewrite_needed,"['班级/排课/课时/考勤', '订单/合同/报课/收费']"
teacher,老师,其他,请问一下阅读要怎样处理才算批改？学生段会显示未批改吗？如果忽略的话,阅读作业要怎样处理才算批改，未批改学生端会显示未批改吗,如果查看了学生作业，学生端会显示已查阅，批改了会显示已批改，没有操作还是正常显示已完成,,review_rewrite_needed,['作业/布置/批改/反馈']
sales,销售,其他,您好想问一下这个孩子报名之后为什么不显示班级呢？,学生订单没有显示班级,给学生创建订单的时候没有选班级 可以把学生加入班级，加入时关联订单,747d9c8ef39ca279467987a9a17ecbf.jpg,review_rewrite_needed,"['班级/排课/课时/考勤', '订单/合同/报课/收费']"
teacher,老师,其他,这个账号，密码默认也是后6位，学生说做了写作和口语了，但是系统后台显示没有。,学生开放题库做了写作和口语了，但是系统后台显示没有,开放题库老师在题库查看。作业在练习情况查看,,review_rewrite_needed,"['账号登录/密码/手机号', '作业/布置/批改/反馈', '题库/录题/单词书/模考']"
teacher,老师,其他,你好:这个班级: 网络雅思单项强化-冯梓淇-1V1 无法布置写作作业,学生班级无法布置写作作业,犯罪与法律下没有题目数据的,9d7222fcd964e05ef941594a786ccd3b_.jpg,review_rewrite_needed,"['作业/布置/批改/反馈', '浏览器/网络/缓存', '班级/排课/课时/考勤']"
teacher,老师,其他,你好，这个学生的回答录音一直在loading，显示不出来。其他同学都没有问题，就她的全部都这样,学生的口语录音一直在加载中，没有显示,学生之前的口语作业是可正常播放的，2月2号完成这几个口语作业，后台查了，学生答题时间太短，所以没有数据,ff675d9356d74f7213d00a4998fd7bc.png,review_rewrite_needed,"['作业/布置/批改/反馈', '音频/录音/听力']"
academic,教务,其他,我正常登陆但4号的课表下午和晚上的全部消失了，我让同事也看了，她同样的情况,教务看不到一周完整的排课，部分没有显示,数据量太大，限制了,,review_rewrite_needed,"['班级/排课/课时/考勤', '权限/角色/公池']"
teacher,老师,使用问题,各位老师好，我这里的GRE模考没有办法布置给学生，昨天不行，今天还是不行,GRE班级无法布置给学生模考测试,课程未关联题库,cf68a055a770abaa28e1adbb89b1e6c.jpg,review_rewrite_needed,"['作业/布置/批改/反馈', '班级/排课/课时/考勤', '题库/录题/单词书/模考']"
teacher,老师,其他,老师，这记分不对吧,雅思听力分数不对,以交卷后的结果为准,deeb9eed1f240ebd158178c99b06a0c.png,review_rewrite_needed,['音频/录音/听力']
teacher,老师,其他,最近老师出现突然找不到学生做的记录啦,学生作业查看没有数据,学生在该班级状态为已结课,e3f5506d2d555624ce305a048e715f9.png,review_rewrite_needed,"['作业/布置/批改/反馈', '班级/排课/课时/考勤']"
teacher,老师,其他,"你好我想问一下学生口语跟读做完没有分数是为什么呀 其他同学好像是有的, 就他没有",学生口语篇章跟读没有分数,学生的答题录音时间太短，无法进行识别和批改，另外后台学生看学生答题未使用正确的浏览器,,review_rewrite_needed,"['作业/布置/批改/反馈', '音频/录音/听力', '浏览器/网络/缓存']"
teacher,老师,其他,亲，一个学生有5个班级，要布置错题训练的话，现在如何选择指定班级呢。现在错题布置完了，就不知道布置到哪个班级下了,学生错题布置，不知道布置在哪个班级的,是哪个班级的作业，错题就布置在哪个班级的，不能指定，可以在作业管理查看,,review_rewrite_needed,"['作业/布置/批改/反馈', '班级/排课/课时/考勤']"
teacher,老师,其他,各位老师 学生做题时听力学科词汇显示不能答题是什么情况呀,学生打开单词书作业显示归属异常,学生被移除了班级,3258ee4c29aef0853051bc9f7778086.png,review_rewrite_needed,"['作业/布置/批改/反馈', '音频/录音/听力', '班级/排课/课时/考勤', '题库/录题/单词书/模考']"
student,学生,使用问题,和上次一样，又有学生报错,学生无法登录系统,网址输入有误,ca3dc8dec84d14532618695831396f3.jpg,review_rewrite_needed,['账号登录/密码/手机号']
sales,销售,其他,二维码是有效的，但是订单关闭了，但是不应该超时了，因为现在是24小时的,支付二维码发给家长没问题，但是订单自动关闭了,系统设置里面有一个，多长时间没支付就关闭订单,"7f97d12758a89fa031be15773f683dd.jpg,868aefe5ac6af6e2aa9fc84bc58b01d.png",review_rewrite_needed,"['订单/合同/报课/收费', '小程序/公众号/二维码']"
teacher,老师,操作疑问,作业大纲里头做好了大纲，是怎么布置给到具体的某个学生的？怎么操作？,如何布置作业大纲,已发送帮助中心,,review_rewrite_needed,['作业/布置/批改/反馈']
sales,销售,使用问题,显示分配成功了 但是我的系统没有显示唉 ，我的也是不能显示。,给销售分配了潜客，但是销售看不到,系统登陆错误,,review_rewrite_needed,['权限/角色/公池']
teacher,老师,其他,各位老师，麻烦问一下，我们今天关联了一个作业大纲，学生在做TP O的时候不显示时间倒计时。这个是怎么回事呀？,关联了一个作业大纲，学生在做TP O的时候不显示时间倒计时,作业大纲关联的是题型训练，所以没有倒计时,,review_rewrite_needed,['作业/布置/批改/反馈']
teacher,老师,,这个为什么不能回听？iPad Safari浏览器,ipad结果页听力音频播放不了,未复现,faab485ef8565339be8095529bb1d9a.jpg,review_rewrite_needed,"['音频/录音/听力', '浏览器/网络/缓存']"
teacher,老师,其他,龚雨田 digital SAT prep test1 和prep test2的 routine 和easier 明明都布置过了的 为什么我要布置新的作业的时候 还是显示没有布置过的,布置了学生的作业，但是题库未显示已布置,题型训练和模考作业不同步,"ec7c61d87fd4cd61f94747016d96005.png,a3331260b95a6fd19b9efaae77e7995.png",review_rewrite_needed,"['作业/布置/批改/反馈', '题库/录题/单词书/模考']"
sales,销售,其他,想问一下，我设定了那个下一次沟通时间后，到那个时间点会在哪里有提示吗？还是只能自己看到记录,销售设置潜客下一次沟通时间后，会在哪里有提示,每天晚上8：45会将次日要沟通的客户 给线索的主负责顾问 发短信、公众号消息和系统内消息提醒,,review_rewrite_needed,['小程序/公众号/二维码']
academic,教务,使用问题,你好，这个班级我刚创建好，但是作业为什么布置不了？布置作业作业时 找不到这个班级,创建好了班级。老师布置不了作业,班级没有加入这个老师,583418fbdb8021ed761710404b3e556.png,review_rewrite_needed,"['作业/布置/批改/反馈', '班级/排课/课时/考勤']"
academic,教务,使用问题,请教一下，学生有托福一对一班，但是布置作业那里找不到这个班，课表&任务里也没有，是怎么回事呢？,老师找不到学生班级布置作业,老师不在班级里,,review_rewrite_needed,"['作业/布置/批改/反馈', '班级/排课/课时/考勤']"
teacher,老师,其他,这是一个学生的课程反馈，如果我作为口语老师，我只想看写作的，我想去翻这个孩子所有的写作记录，但是我要把其他老师也都看一遍，能不能进行一下分类？,班级内课堂反馈没有办法筛选老师查看,学习报告里面的课堂反馈是按老师分的,,review_rewrite_needed,"['作业/布置/批改/反馈', '班级/排课/课时/考勤']"
academic,教务,其他,公池里面显示，但是班级里面不显示销售，不知道为啥,学生班级内没有显示销售,班级内的销售是对应的订单销售，不是公池内的潜客销售,,review_rewrite_needed,"['班级/排课/课时/考勤', '订单/合同/报课/收费', '权限/角色/公池']"
academic,教务,操作疑问,你好，顾问这边已确认学生的订单，为什么没有自动生成这个学生的班级？,学生创建了订单，教务端看不到对应班级,学生还不是正式学员，已发送帮助中心转正流程,,review_rewrite_needed,"['班级/排课/课时/考勤', '订单/合同/报课/收费', '权限/角色/公池']"
sales,销售,其他,老师，怎么把已创建的学生账号和之前签约的学生匹配上，售端还没导入这个数据，但是教务创建了，所以变成了课程里面有某个学生单独的课程，而不是正常的订单确认后，转为正式学员的,教务先创建了学生账号，销售没有办法走签约流程,销售管理员/校长将潜客分配给销售，销售可以在学员创建订单,,review_rewrite_needed,"['账号登录/密码/手机号', '订单/合同/报课/收费']"
teacher,老师,其他,学生的答题录屏，我们看到的和他实际操作的应该是一致的对吗？录屏就是这么显示的，听力像开了倍速,学生录屏听力音频看上去是倍速播放,录屏可能不完整,,review_rewrite_needed,['音频/录音/听力']
teacher,老师,其他,请问下笔记列表中学生写的内容可以关掉公开可见么？,学生笔记能否关掉公开可见,学生可以自行操作,,review_rewrite_needed,[]
teacher,老师,使用问题,然后这个录入以后他一直显示第一题没有选项，麻烦老师帮忙看一下,自有题库文档上传显示没有题目,文档格式不对,,review_rewrite_needed,['题库/录题/单词书/模考']
teacher,老师,使用问题,自有题库excel上传没有反应,自有题库excel上传没有反应,文档格式不对,51-100 (新)(1).xlsx,review_rewrite_needed,['题库/录题/单词书/模考']
academic,教务,其他,老师 您帮我看看现在时间冲突怎么没有提示了,老师排课时间有冲突，但是没有提示,这个班级是已结课的状态，不参与冲突检测,127e853714ff37c718f78ad4fdc1d16.png,review_rewrite_needed,['班级/排课/课时/考勤']
teacher,老师,其他,我们有老师给学生布置了作业 但是学生端看不见,老师发布的多次单词作业，学生未收到,多次单词作业未到下发时间,,review_rewrite_needed,['作业/布置/批改/反馈']
student,学生,其他,老师 我不知道 我还在看那个文章的时候 他突然跳出来 有其他作业在进行 然后 界面就没了,学生反馈答题过程中显示有作业正在进行中，作业没有提交,实时作业，老师点结束就会自动交卷,,review_rewrite_needed,['作业/布置/批改/反馈']
teacher,老师,使用问题,请问如果助教老师想给某个学生布置作业，但是下滑菜单里面没有这个学生，请问如何操作，才能让老师给这个学生布置作业呢？,助教老师如何给学生布置作业,需要教务端这边把这个学生添加到一个班级中，同时把助教老师添加到这个班级中,,review_rewrite_needed,"['作业/布置/批改/反馈', '班级/排课/课时/考勤']"
teacher,老师,其他,这个公众号现在不更新学生作业完成通知了，学生作业完成了只能在系统里面看到，公众号看不到。,公众号现在不更新学生作业完成通知,公众号认证到期了，要公众号管理员重新登录公众号后台去认证下,,review_rewrite_needed,"['账号登录/密码/手机号', '作业/布置/批改/反馈', '权限/角色/公池', '小程序/公众号/二维码']"
sales,销售,其他,咨询一下：公池里面新增年级在哪里？我想新增一个学龄前,潜客年级如何新增,年级目前是固定的，无法新增。可以填写至备注或者标签里,bbfc29637d8dd2e231f07392c9aee6b.jpg,review_rewrite_needed,['权限/角色/公池']
academic,教务,其他,为什么不是-6.5，而是-4.5,学生已上课时和剩余课时对不上,这里学生购买8.5课时，实际消耗13课时（赠送课时不算在内），所以剩余课时-4.5,"fd1479e71c9d8bb2a685c4cc6ad4935.png,753561cc70708bd935a0e273dd411c5.png",review_rewrite_needed,['班级/排课/课时/考勤']
teacher,老师,使用问题,你好，上传单词为什么文档里添加了所有的单词，按unit划分，但是上传之后只有一少部分单词？,单词书文档按unit划分，但是上传之后只有一少部分单词,文档格式不对,,review_rewrite_needed,['题库/录题/单词书/模考']
student,学生,其他,麻烦明天帮看下这个入学测试，学员反馈有部分图表题目，用Mac做题时加载不了，看不到图,sat入学测试，学生电脑图片加载不出来,未复现,,review_rewrite_needed,"['作业/布置/批改/反馈', '音频/录音/听力', '权限/角色/公池', '题库/录题/单词书/模考']"
teacher,老师,其他,不能到上一题,入学模考能力测试不能点击上一题,未复现,"87fcb378f36239669f49492e4b61e9d7.mp4,ca3a716c609a646313d2fac1292f0fc.jpg",review_rewrite_needed,['题库/录题/单词书/模考']
student,学生,其他,老师，中午好，今天单词发音学习我这里显示网络原因没办法上传，手机端和电脑端都试过了，请问什么原因呀都试过了，4g，5g，无线，前几天用还很正常,小程序单词发音测评失败,口语测评服务欠费，已处理,bf2dcbb00288ced8a12b3463adf34b0.jpg,review_rewrite_needed,"['浏览器/网络/缓存', '小程序/公众号/二维码']"
teacher,老师,,您好 反馈一个问题 今天在排课的时候还几次 一个校区排课的时候 所有教室都先上冲突，把所有教室都选了 然后又新建了新的教室也是显示有冲突,排课时，所有教室都显示冲突，实际上是没有冲突的,未复现,"ce33ffec4d4b2f8505e207f9b5d4aaa.png,177907eeb8ca90bff41714351d94eff.png,5b902902b1027d224c5bbc84d52b229.png",review_rewrite_needed,"['作业/布置/批改/反馈', '班级/排课/课时/考勤']"
principal,校长,其他,请问这里班级我为什么不能上架我想上架这个栏目,班级不能上架到小程序,小程序目前只能上架1对多班级,4135badcdb4e1dab3726aac676f72de.jpg,review_rewrite_needed,"['班级/排课/课时/考勤', '小程序/公众号/二维码']"
sales,销售,其他,各位老师好，麻烦帮我看一下这个模考学生张予辰Jasper，电话13515662995，他模考已经完成并且上传，但是系统公池里面没有，谢谢,学生作答了入学模考，公池找不到记录,从数据分析看，这个学生应该同时咨询过huge，从huge的域名进入做的入学模考,,review_rewrite_needed,"['权限/角色/公池', '题库/录题/单词书/模考']"
teacher,老师,,老师~ 学生反映在写题目和测试的时候，系统无法播放单词的声音。,系统无法播放单词音频,未复现，从录屏看确实最后一个单词没有自动播放发音，已告知客户可以点击喇叭再次播放,,review_rewrite_needed,['音频/录音/听力']
teacher,老师,其他,请问为什么我选择的是系统默认反馈，点击预览，出来的只有下面四个，老师端反馈内容出现很多,设置用系统默认的反馈，老师端出现反馈项过多，异常,未复现，已处理,image.png,review_rewrite_needed,['作业/布置/批改/反馈']
teacher,老师,其他,你好呀，目前课程进度还是只能看到【已上/总课时】呢？没有显示已排呢？,老师端班级课表看不到【已上/总课时】,教务端的班级界面，可以看到“已排”课时,image.png,review_rewrite_needed,"['班级/排课/课时/考勤', '权限/角色/公池']"
teacher,老师,其他,老师，有几个学生都反馈说做题做一半系统自动交卷，导致后面的题没法正常做完，麻烦看看什么原因呢？,学生做题，时间到了，系统自动提交，导致后面的题没正常做完,布置作业的时候可以设置答题倒计时是否开启,,review_rewrite_needed,['作业/布置/批改/反馈']
teacher,老师,其他,就是我有一个客户，昨天。,潜客签约完了，在公池里就找不到，但是在潜客里还有这个客户,协作销售，只是能跟进潜客，跟进时可以选签约，但不会出现在用户池里，转正学员只能主销售或销售管理员处理,image.png,review_rewrite_needed,['权限/角色/公池']
teacher,老师,其他,这些其他数据是什么数据呢？怎么查是谁输入的呢？,潜客数据其他是什么意思,这个问题是指，这些潜客线索既没有销售挂名也没有被分配到别的销售，所以显示的是其他,,review_rewrite_needed,[]
teacher,老师,使用问题,老师们好，请问本周周二的课程，老师想写反馈，为什么上面选择不了，没有本周周二的日期呢？,老师想写周二的课堂反馈，但是没有课程,没有排课,"a19b8c06a3267a32d91c3259889105c.jpg,a19b8c06a3267a32d91c3259889105c.jpg",review_rewrite_needed,"['作业/布置/批改/反馈', '班级/排课/课时/考勤']"
academic,教务,其他,之前学生课时用超了的话，小程序里面会显示超了多少课时，现在哪怕是超了，课时显示也是0,小程序家长端现在剩余课时显示一直是0,小程序上的剩余课时最小显示的0，要处理成能显示负数,,review_rewrite_needed,"['班级/排课/课时/考勤', '小程序/公众号/二维码']"
academic,教务,其他,您好这个课表下载前面怎么总有个hello,课表下载上课内容前面有hello字样,调试忘改了,d30ae21a1fe6d55b4eb44d29bf79568.png,review_rewrite_needed,['班级/排课/课时/考勤']
sales,销售,其他,为啥我学生做了雅思模考测试我这边在公池里面找不到呢,查找不到学生的入学模考数据,学生之前做过入学模考，数据会在之前的潜客数据上，之前的数据是没有负责销售的，可以让销售管理员或者校长分配,,review_rewrite_needed,"['权限/角色/公池', '题库/录题/单词书/模考']"
teacher,老师,其他,您好，麻烦帮忙看一下这份练习一直无法提交是什么原因,学生单词作业无法提交,单词录入问题,35732dc336b9709f82429757fc4b825.jpg,review_rewrite_needed,['作业/布置/批改/反馈']
teacher,老师,使用问题,and 现在这个是什么情况呀这个是我们自己编的一个手机号占位用的为什么会报错,输入手机号报错,号码后面有空格,1a1e576da44cfa560f985bef1e8ec45.png,review_rewrite_needed,['账号登录/密码/手机号']
teacher,老师,其他,今天系统在升级吗，自定义作业布置不了了,作业管理页面布置作业，类型没有办法点击,未复现,88ef81d728a740c2e4a09670bec0b17.png,review_rewrite_needed,['作业/布置/批改/反馈']
student,学生,其他,学生反馈用iPad做雅思，选项拖不上去,学生反馈用iPad做雅思，选项拖不上去,可以固定选项面板,90d25fdbb17fb80da7696b7cc06cc3d2.mp4,review_rewrite_needed,['作业/布置/批改/反馈']
student,学生,其他,我现在点确认然后就没了，我这个录音了15秒的，这边1211班，三个学生都有这个问题,学生自定义作业录音确认后会未显示,未复现,"4bbcf8861d11947fcdbd644f4509831.jpg,4bbcf8861d11947fcdbd644f4509831.jpg,d7b57747d6368e4af2b4e10badc3099.jpg,861856a1894534c2ebab656ce4bcdad.jpg",review_rewrite_needed,"['作业/布置/批改/反馈', '音频/录音/听力']"
academic,教务,其他,请问一下老师，这个是什么原因呢,学生号码显示被占用，如何创建账号,1：可以在公池修改被占用的号码，再创建账号 2：直接将公池内该号码成员转正，再修改信息 3：直接创建账号，修改其中一位数字,caf30febbc969bf8ce3c6213a32f709.png,review_rewrite_needed,"['账号登录/密码/手机号', '权限/角色/公池']"
teacher,老师,其他,老师请问这个听力评分是按照做了的题目的比例核算嘛？听力分数按照实际作答应该只有5.5分。,雅思听力评分不对,分数没有问题，有多选题,72b36633ea224f96ebcc3768334d1b0.png,review_rewrite_needed,['音频/录音/听力']
student,学生,其他,基础练习句子听力学生答题时会有播放不了的情况,基础练习句子听力学生答题时会有播放不了的情况,未复现，需要再观察,"e864e90d0e2e625e2a8570cbd402d96.jpg,0f452d9cc74a5d972c925816da04db85_4.mp4",review_rewrite_needed,['音频/录音/听力']
teacher,老师,使用问题,李老师，是这样，按照校校系统上面word文档的模版，我吧测试题也修改成那样了，但是一直上传不上去，口语的话是彻底上传不上去,自有题库文档上传显示没有答案,文档格式不对,8094880a86a4552fb65b63aacdf7431.png,review_rewrite_needed,['题库/录题/单词书/模考']
teacher,老师,其他,你好 我们有学生反应雅思阅读训练现在不限时了 也不知道自己花了多少时间,布置的作业没有限时,题型训练不限时间，模考是限时的。布置模考作业时关闭了倒计时结束禁止答题，就可以答题,fd61eba60ae2d8061767d8c580be9f9.png,review_rewrite_needed,"['作业/布置/批改/反馈', '题库/录题/单词书/模考']"
teacher,老师,其他,你好，学生做系统上雅思模考的时候 倒计时有问题，第二部分阅读开始 正常是倒计时60分钟，图2是对的，但是接下来就变成图1,学生答题录屏倒计时显示有误,录屏显示有误,"4488ceef8d7d9d0a9cc5f9ee1ba6196.jpg,c285701f0cdd4731bdc9688104c23bb.jpg",review_rewrite_needed,['题库/录题/单词书/模考']
teacher,老师,其他,老师您好 这套题学生9月份做过 但是昨晚布置的时候显示没有做过 现在他做了两遍但是系统这边还显示只布置过一次 麻烦老师看一下,学生作业做过两次，作业布置只显示一次,模考布置次数，是跟班级挂钩的，这两个作业，是在不同的班级下,"da346568227b1fcc32563b0e527264a.jpg,62b525fe3e8f8491ea7499645dc8afd.jpg,b9eb55996634405bbbe9731ea72e208.jpg",review_rewrite_needed,"['作业/布置/批改/反馈', '班级/排课/课时/考勤', '题库/录题/单词书/模考']"
student,学生,其他,学生反应模考时口语task4的时候听力播放到一半卡顿，然后就会进入写作，综合写作的听力也是放一半,学生答题音频播放到一半会暂停，录屏显示音频播放有倒计时,未复现,"50b29b891ae67bebdb38cb74a74e974d.mp4,1db1b3fe94fc238de06d6e3af1501a8a.mp4",review_rewrite_needed,"['音频/录音/听力', '题库/录题/单词书/模考']"
academic,教务,其他,李老师，我这为啥输不了账号了新增学员，无法输入手机号,教务新增学生账号，填写不了学生号码,没有学生联系方式查看的权限,251f259f26f08cd62075e2b45f3a2de.png,review_rewrite_needed,"['账号登录/密码/手机号', '权限/角色/公池']"
academic,教务,其他,老师，同一个学生，在班级查看和学员查看的，为什么课时不一致呢,学生班级课时和学员管理课时不一致,学生订单里有6个课时是赠送的，班级总课时显示14.5（班级课时可以编辑），赠送课时是不算课消的，但是前提是要排成赠送课程,,review_rewrite_needed,"['班级/排课/课时/考勤', '订单/合同/报课/收费']"
teacher,老师,其他,老师 这个pte模考学生做完了怎么没有判分呀,pte模考口语写作没有分数,pte布置作业时没有智能智能批改按钮,,review_rewrite_needed,"['作业/布置/批改/反馈', '题库/录题/单词书/模考']"
teacher,老师,使用问题,您好，这三份练习孩子一直无法交卷，我们也当面确认过换过浏览器，请帮忙强行后台交卷，另外看一下一直无法交卷的具体原因是什么，谢谢,学生交不了卷,用的微信浏览器,,review_rewrite_needed,['浏览器/网络/缓存']
teacher,老师,使用问题,老师们 想问下这个学生的听力作业老师布置好了，教务端和老师端都能看到，为什么学生这里看不到，辛苦帮忙看一下哟,学生看不到作业,学生不是vip账号,,review_rewrite_needed,"['账号登录/密码/手机号', '作业/布置/批改/反馈', '音频/录音/听力', '权限/角色/公池']"
teacher,老师,其他,校校老师，有个学生的反馈记录都没有显示了呢在学员界面能显示，在班级界面没有显示,学生反馈记录在班级页面没有显示，在学员页面有显示,学生状态是已结课,"560754e958e05f684a8fae62beedac7.png,4d4bf765912f85222489232e6541a6a.png",review_rewrite_needed,"['作业/布置/批改/反馈', '班级/排课/课时/考勤']"
teacher,老师,其他,老师们好，批量布置一周单词这个麻烦给个指引哈现在布置到这里就不会了选择了但是学生那里看不见布置的内容,多次单词布置学生看不到,时间未到,,review_rewrite_needed,"['作业/布置/批改/反馈', '权限/角色/公池']"
teacher,老师,其他,老师们，xiaoxiao上学生做的测试没有做完，但是有显示学生是做过的，只是我无法查看他的报告，请问是什么原因呀？我怎么可以查看到报告嘛？,查找不到学生入学模考,学生使用的其他号码,,review_rewrite_needed,['题库/录题/单词书/模考']
student,学生,使用问题,这个交不了卷，请问是什么回事？,学生逐句精听提交不了,浏览器使用不对,52b0c7ac7e1f436e47225a2b8f55a896.mp4,review_rewrite_needed,['浏览器/网络/缓存']
sales,销售,其他,麻烦您帮我看下 为什么我后台写的17200 顾问老师操作转班价格就变了,操作学生转班，入班价格不一样,转班的报名价格参考的是课程价格，不是小程序报课上架那里设置的价格，可以在课程或者直接在转班时修改,89ffc6058ff0e284f5db5d86e3e484d.png,review_rewrite_needed,"['班级/排课/课时/考勤', '订单/合同/报课/收费', '小程序/公众号/二维码']"
teacher,老师,其他,我想问一下 给学生布置词汇作业 选择日期的时候 只能选择明天开始 这样的话学生的界面只能明天才看到吗，这样的话就是我得每天的单词任务都是自己布置对吧,多次单词作业只能布置到明天，如何操作当天的,可以先布置一个今天的，然后剩下的按多次布置,,review_rewrite_needed,['作业/布置/批改/反馈']
teacher,老师,其他,你好，这个模考进行了一半，为啥还是显示未开始啊，不是进行中吗,模考作业学生完成了一半，但是显示未开始,这里的“未开始”，表示:还没有学生完成作业 进行中，表示:有学生完成，但不是所有学生都完成 已完成，表示:所有作业都已经完成,452a842ed19616ed3ec7ece83d13606.png,review_rewrite_needed,"['作业/布置/批改/反馈', '题库/录题/单词书/模考']"
teacher,老师,使用问题,老师这个同学的作业界面，好像跟别人不一样看不到分数很完成与否,班级看不到学生成绩,班级没有学生,"cc76528ecbbe74d5031e3b96763ce8b.png,cc76528ecbbe74d5031e3b96763ce8b.png,7d608dabf71a336dda3e76ad502525c.png",review_rewrite_needed,"['作业/布置/批改/反馈', '班级/排课/课时/考勤', '权限/角色/公池']"
sales,销售,其他,这是什么原因,潜客导入提示参数缺失,模板有更新,fd6b2dee274240e27b835db669c1e64.png,review_rewrite_needed,[]
student,学生,其他,一直没有动静不知道是否提交与否，这个应该是普遍现象，好多这种反馈,学生入学模考点击提交，没有反应,浏览器或缓存问题,3050c1d84fa4683472b500ea3f1efbc.jpg,review_rewrite_needed,"['作业/布置/批改/反馈', '浏览器/网络/缓存', '题库/录题/单词书/模考']"
student,学生,其他,您好，我们有个学生的系统做完提交显示空白没做，请问怎么解决呢？家长反馈之前出现过这样的问题，说是因为他们的电脑可能和那个软件不兼容，后来不知道是在后台操作了一下什么，就正常了,学生反馈做了但是系统没数据,学生录屏显示学生快速点击跳过了所有题目，并没有答题,,review_rewrite_needed,['作业/布置/批改/反馈']
teacher,老师,其他,咱们的ACT模考系统，我这边有两个学生反映在模考的时候提交答案失败，有一个做到一半发现选项都没有选上，麻烦你帮忙问下IT，是系统bug还是学生那边的网络问题,学生反映在模考的时候提交答案失败，有一个做到一半发现选项都没有选上,答案提交失败的问题 有可能与登录状态有关（超时），也有可能与网络有关（没发出去）第二个问题，后台看学生有选择的题目都是有记录的，学生在答题过程中有提示网络连接不通，在阅读部分，学生达到阅读passage 3的时候，倒计时已经用完,image.png,review_rewrite_needed,"['账号登录/密码/手机号', '浏览器/网络/缓存', '题库/录题/单词书/模考']"
teacher,老师,其他,托福提高班(2023暑假)-秋天-1V1，这个系统里面怎么看不到做题的成绩,班级看不到学生的答题情况,学生状态是已结课,e67e1400f53e6e9d889ac1b28b7cdb9.png,review_rewrite_needed,"['班级/排课/课时/考勤', '权限/角色/公池']"
student,学生,其他,麻烦老师帮忙看下写作部分，跳不出来书写的界面,托福写作题目显示不全，没有答题框,教研已处理,b406f43f4006f7e15452a836c432b3dc.mp4,review_rewrite_needed,[]
teacher,老师,其他,这几个听力加载不出来 一直转圈圈,结果页音频加载不出来,域名认证问题,70646d0972ef7164426687cdeab0b8c.png,review_rewrite_needed,['音频/录音/听力']
teacher,老师,其他,家长反馈用小程序录口语的时候，录制的时候原音频也开始播放，导致录制时候同时有原音频声音。另外，系统提示已经录完了，但是发现最后一句并没有让学生去录，请问是什么原因呢？,学生反馈小程序口语录音录制的时候原音频也开始播放，还有学生最后一句没录显示已完成,学生在点击下一题到最后一题的时候，没有点击上面录音按钮，直接点击的完成作业,"28f6f8890cc038c8f1fa31f2de3f379.png,566b38bbe848437c659dd4afee50346.png",review_rewrite_needed,"['作业/布置/批改/反馈', '音频/录音/听力', '小程序/公众号/二维码']"
academic,教务,使用问题,托福模考完之后怎么查看成绩？用教务账号做的模考我们是从教务号拷贝了模考链接，然后链接里登教务账号考的,教务测试入学模考，销售端查找不到,教务发送的链接来源为该教务，没有负责销售，校长/销售管理员可以在公池查看,,review_rewrite_needed,"['账号登录/密码/手机号', '权限/角色/公池', '题库/录题/单词书/模考']"
teacher,老师,其他,请问一下给学生布置多次单词任务的时候，显示已发布，但是老师和学生作业界面都没有显示该单词作业，这种情况要怎么处理,多次单词作业发布时间,多次单词作业，第二天开始生效，今晚12点下发第二天的作业,,review_rewrite_needed,['作业/布置/批改/反馈']
teacher,老师,其他,小程序不提醒学生的作业完成情况了,助教公众号没有学生作业完成通知,公众号认证过期,,review_rewrite_needed,"['作业/布置/批改/反馈', '小程序/公众号/二维码']"
student,学生,使用问题,老师好！学生账号这里显示“待复习错词数“，但是左上角的”错词本“空白”，学生账号13928490413，您帮忙请技术看一下,学生无法查看错词本,学生没有班级,"1406d4fc07e599963b946e04abad172.png,1406d4fc07e599963b946e04abad172.png",review_rewrite_needed,"['账号登录/密码/手机号', '班级/排课/课时/考勤']"
teacher,老师,其他,您好，请问学生校校账号过期，这边帮她更新账号以后她看不回之前布置的作业是什么原因？,学生更换了账号，加入原班级后不能看到作业,作业都是单独布置给以前的学生账号的（即指定了学生布置的）其他学生看不到,,review_rewrite_needed,"['账号登录/密码/手机号', '作业/布置/批改/反馈', '班级/排课/课时/考勤', '权限/角色/公池']"
sales,销售,其他,潜客和公池有什么区别？比如我刚录入一个数据Alicia，潜客里面没有显示，公池里面有,潜客和公池有什么区别,潜客只能查看自己在潜客页面添加的数据或者分配的，潜客页面可以调整跟进进度 公池可以查看自己和下属负责的全部数据，管理员/校长可以查看全部，可以分配数据，公池可以操作潜客报课后转正,,review_rewrite_needed,"['订单/合同/报课/收费', '权限/角色/公池']"
academic,教务,其他,你好，我想问一下，咱们排课的时候如果同一个老师那个时间段已经有课，排课的时候时间冲突是没有提示的吗？比如这个雅思阅读，我同一时间排了三次好像都排上了,同一时间的课程没有冲突提示,这个班级是已结课状态，所以不会有冲突提示，所有需要有提示可以修改下班级状态,670c7d12ce1cd70e4c8fcf8723d9549.png,review_rewrite_needed,['班级/排课/课时/考勤']
student,学生,其他,以上两位同学均是使用自己的电脑以及固定浏览器进行过多次模考，网络也没有任何问题，今天同时出现无法上传的问题，请练习技术人员看一下是哪里出现了问题，请尽快修正，这对我们很重要，十分感谢您们，拜托了,口语答题提交失败,阿里云问题,,review_rewrite_needed,"['浏览器/网络/缓存', '题库/录题/单词书/模考']"
student,学生,其他,你好 又收不到验证码了怎么回事,入学模考收不到验证码,阿里云问题,,review_rewrite_needed,['题库/录题/单词书/模考']
teacher,老师,其他,您好，学员做完测试一直显示提交，进后台查看发现四个口语题只录制成功一个，两篇作文只显示一篇，这个有办法帮忙找回吗,老师反馈学生的答案提交了但是后台未显示,学生未交卷，还没提交,,review_rewrite_needed,['作业/布置/批改/反馈']
student,学生,其他,老师，我学生模考的时候口语题进入直接是这个界面👇但是我布置给另外的学生，她进入后不是这个界面，是这样的界面👇，界面中不会出现口语题,学生雅思口语答题是旧的答题页面,学生在答题时点击了跳转到旧的答题页面,bf5840d36c576173fc86e97d47696c6.png,review_rewrite_needed,"['作业/布置/批改/反馈', '题库/录题/单词书/模考']"
teacher,老师,其他,老师，可否麻烦听下这个女生的回答，为啥AI给的是4.5，她的这个表现不应该这么低的有点离谱,学生口语分数AI批改过低,重新提交了,,review_rewrite_needed,['作业/布置/批改/反馈']
student,学生,其他,校校的老师好，麻烦帮看一下雅思模考口语部分，这位同学最近几次口语部分进去之后都直接跳到part2,雅思口语答题的时候part1自动跳过,未复现,a2074103c47b85a2251e82d1d5d0d924_.jpg,review_rewrite_needed,['题库/录题/单词书/模考']
student,学生,其他,学生做测试一下跳出这个试题这个是什么情况？家长是用的chrome来做题，告知了家长你们说的问题，家长最后觉得我们系统问题还怪在了学生问题很是不舒服,学生入学模考答题点不了下一题。会跳转翻译页面,学生用的微信浏览器，建议使用谷歌,ea84cb1d66c1cf4299455cf7dac63fe2.mp4,review_rewrite_needed,"['浏览器/网络/缓存', '题库/录题/单词书/模考']"
teacher,老师,其他,老师，部分雅思口语part2题在批改界面没有显示出,雅思口语part2结果页没有显示题目,题目图片录入问题，因该放到材料里,5f23fbbbecde594fc17f0bde1dfa4f9.png,review_rewrite_needed,['作业/布置/批改/反馈']
teacher,老师,操作疑问,您好，想问一下为什么这个学生的账号还没有过期，学员库也能找到，也是有绑定的，但就是布置不了作业和任务呢？,已结课的班级，在作业管理页面布置作业未显示,布置作业这里的班级是不显示已结课的班级的，如果要给已结课的班级布置作业，需要在班级列表去布置,"b9e61e1e97ed8a0b3e8c1ddd625de7a.png,f03be34f31bc66730e75f607e99aae6.png,f03be34f31bc66730e75f607e99aae6.png",review_rewrite_needed,"['账号登录/密码/手机号', '作业/布置/批改/反馈', '班级/排课/课时/考勤']"
student,学生,其他,老师们，麻烦问一下，学生在完成长难句的时候，翻译句子的出现打不进中文翻译，或者打中文翻译有时候，中文的顺序是错的，设备是平板（非苹果的）这是什么原因呀？,学生使用安卓平板，做长难句作业打不进中文翻译，或者打中文翻译有时候，中文的顺序是错的,安卓平板的型号很多，未做到完全兼容，建议使用谷歌浏览器，或者使用手机小程序作答,,review_rewrite_needed,"['作业/布置/批改/反馈', '浏览器/网络/缓存', '小程序/公众号/二维码']"
sales,销售,使用问题,陈慧，13721025299 麻烦老师帮忙查一下学生成绩，做了雅思入学模考三，谢谢~,需要查找入学模考,学生是在上海澜大的系统做的，择校备考系统查不到,,review_rewrite_needed,['题库/录题/单词书/模考']
student,学生,其他,老师，请问下有个学生老师说他做了提交作业了，但是呢我们这边有时候又没有看到作业，之前暑假确实也存在这个问题，就是我们也不好知道他到底有没有做，请问有这种情况吗,学生反馈完成了作业，但是老师端看没有数据,技术后台查看没有收到答题数据,d826ad12e11de5662a778cfc7a01a3d.png,review_rewrite_needed,['作业/布置/批改/反馈']
teacher,老师,其他,我布置作业是给整个班级布置的为啥其他的没有啊,学生端作业没有显示完全,从单词书布置抽查作业和从基础练习布置单词作业在作业板块可以看到的，单词书是单独的板块,fba0bbd2c13310d22441a9161bad661.png,review_rewrite_needed,"['作业/布置/批改/反馈', '班级/排课/课时/考勤', '题库/录题/单词书/模考']"
teacher,老师,操作疑问,哈喽 我们想在校校上给学生布置托福真题测试和练习 要怎么操作呢,如何布置托福真题测试和练习,帮助中心有文档,,review_rewrite_needed,['作业/布置/批改/反馈']
teacher,老师,其他,模考听力没法切换到p3这礼拜出现两次了,学生入学模考听力无法到section3,第一种情况是学生未使用谷歌浏览器，因为目前谷歌浏览器稳定性和兼容性更好，我们一直都是建议使用谷歌浏览器的，其他浏览器在使用的时候也给了提示；第二种情况是学生的电脑页面较小，未显示完全，下面的滚动条可以往后拖拽,,review_rewrite_needed,"['音频/录音/听力', '浏览器/网络/缓存', '题库/录题/单词书/模考']"
teacher,老师,使用问题,您好，请帮忙看一下，我们还是无法布置GRE的模考,布置gre模考作业显示灰色布置不了,"应该是班级没有关联gre题库，需要使用教务校长账号,在课程界面",image.png,review_rewrite_needed,"['账号登录/密码/手机号', '作业/布置/批改/反馈', '班级/排课/课时/考勤', '题库/录题/单词书/模考']"
teacher,老师,其他,请问下这个常用作业 我如何布置给班级指定的一个学生,常用作业如何布置给班级其中一个学生,老师，常用作业只能下发给整个班级的学生。如果要给指定学生布置，您通过【布置作业】单独下发,,review_rewrite_needed,"['作业/布置/批改/反馈', '班级/排课/课时/考勤']"
teacher,老师,其他,老师这个学生结课模考为什么对15个系统给7分啊,学生雅思阅读对15个给了7分。应该是4.5,技术反馈从后台记录看，这份作业老师在上午的时候，手动打过分（7分）,,review_rewrite_needed,"['作业/布置/批改/反馈', '题库/录题/单词书/模考']"
teacher,老师,其他,老师，帮忙看看这个正确率为什么是100%？,学生作业有错题，但是正确率是100%,是按学生做答了的题目算的,c081fe00cee38373e2ab68cb54dcab5.png,review_rewrite_needed,['作业/布置/批改/反馈']
teacher,老师,其他,校校亲 我们老师反馈今早上找不到自携的真题了 A组B组和2023,题库机构题目有缺失,同系统题库问题,,review_rewrite_needed,"['作业/布置/批改/反馈', '题库/录题/单词书/模考']"
teacher,老师,其他,您好，麻烦问下单词书里的作业，是不是要每天布置但是也选择不了呀今天还是在list1进行中,已布置的单词书作业，还是list1，是否需要每天布置,单词书下发之后是全部下发，学生自主做答，如果list 1做完并达到解锁标准，list2会自动解锁,,review_rewrite_needed,"['作业/布置/批改/反馈', '题库/录题/单词书/模考']"
sales,销售,使用问题,您好，我们这边昨天有个学员做了小托福模拟卷（第5套），后台查不到记录，我自己刚才试了一下，也没有查到成绩，请帮忙看一下哈,查询入学测试成绩,应该这个账号的权限问题，导致无法查看学生模考。需要校长或者销售管理员身份给账号开通权限,,review_rewrite_needed,"['账号登录/密码/手机号', '权限/角色/公池', '题库/录题/单词书/模考']"
sales,销售,其他,老师，帮忙查一下夏汤杰9月的入学模测及考试链接发一下，我这边看不到,查询入学测试成绩,应该这个账号的权限问题，导致无法查看学生模考。需要校长或者销售管理员身份给账号开通权限,,review_rewrite_needed,"['账号登录/密码/手机号', '权限/角色/公池', '题库/录题/单词书/模考']"
teacher,老师,其他,小托福入学测试第5套，做题时间109分钟跟官方不一样的，可以改一下么,修改入学模考考试建议时间,已经修改成官方115分钟,,review_rewrite_needed,['题库/录题/单词书/模考']
teacher,老师,其他,"老师好,麻烦看下这是什么原因呀?学生反馈口语放不出来,我这试也不行呢",口语加载不出,切换网路,,review_rewrite_needed,"['作业/布置/批改/反馈', '音频/录音/听力']"
teacher,老师,其他,下午好呀， 学生这个答案， 录音好像听着有点像电音， 听不清楚,学生考试的录音不清晰卡顿,老师，这种情况一般是学生设备或耳机的原因。学生是用的电脑端，还是pad？插上或者换个耳机试试,,review_rewrite_needed,['音频/录音/听力']
teacher,老师,其他,这个地方新加入的学生，今天显示不出来学生,布置作业时，班级里显示不出学生,学生需要添加到班级中，老师您登录校长端，点击班级，找到这个班级，点击班级学生，看一下有没有这个学生,,review_rewrite_needed,"['账号登录/密码/手机号', '作业/布置/批改/反馈', '班级/排课/课时/考勤']"
academic,教务,使用问题,老师好，我提交了一个订单，并且已经审批了，销售端里可以看到订单，但是教务排课端搜不到这个学生,教务排课端搜不到这个学生,老师在班级里搜的学生名字需要搜班级名字,1fd0740933d8ca638b8bb0a1ebb0adb.png,review_rewrite_needed,"['班级/排课/课时/考勤', '订单/合同/报课/收费']"
sales,市场,其他,牛学成都的公池里有97条来源是谢伟（市场身份）的数据，谢伟登录账号后，公池线索无数据，看下啥原因。,市场看不到自己在录入到公池的数据,之前的那些线索 是用销售管理员角色录入的，但是 市场角色就只能看到市场角色录入的，所以看不到他用销售管理员录入到公池的那些线索,,review_rewrite_needed,"['账号登录/密码/手机号', '权限/角色/公池']"
teacher,老师,使用问题,老师们我们系统的录题功能关闭了吗？现在无法上传,自有题库文档录入题目出错,文档格式有误,,review_rewrite_needed,['题库/录题/单词书/模考']
sales,销售,其他,您好，这是我的截图，搜我提交的订单看不到,看不到自己录入的订单信息,在教务端创建的订单，没有订单审批的权限就无法手动设置顾问，订单是没有所属顾问的 所以切换到销售角色去看，是看不到那个订单的，因为您不是销售管理员，就只能看到自己负责以及自己下级负责的订单,,review_rewrite_needed,"['订单/合同/报课/收费', '权限/角色/公池']"
teacher,老师,其他,请问词汇页面打不开咋办,用ipad单词书，提示窗口被阻止打开,老师，您在pad的系统设置里，关掉这个按钮就可以了,image.png,review_rewrite_needed,['题库/录题/单词书/模考']
teacher,老师,其他,老师，还有个问题奥，我们老师自己自定义题目给学生下发后，是不是只有老师学生能看到别人都看不到啊,下发的自定义作业除了老师和学生，还有谁能查看,同班的老师助教，教务，校长在学员管理—学生练习情况也可以看到，学生对应的家长端的小程序可查看,,review_rewrite_needed,"['作业/布置/批改/反馈', '权限/角色/公池', '小程序/公众号/二维码']"
teacher,老师,其他,请问目前可以在iPad上上课么？,系统是否支持线上上课,可以的,,review_rewrite_needed,[]
sales,销售,操作疑问,老师。我们想看下这个学生的入学测试，你这边可以看吗，怎么把账号变为销售管理员呢,销售如何查看入学模考,该销售没有入学摩卡哦查看的权限，教务校长可以修改员工账号,,review_rewrite_needed,"['账号登录/密码/手机号', '权限/角色/公池', '题库/录题/单词书/模考']"
sales,销售,操作疑问,hi 请问一下，这个账号怎么延期呀？,如何延期学生账号,教务端的学员管理，操作续期,,review_rewrite_needed,['账号登录/密码/手机号']
teacher,老师,操作疑问,老师们打扰一下，我想问下这个学生如果安排了3种类型的课，我想把课表以日历的形式导出，不是只要一周的数据，要好几个月的这种怎么操作呀,如何导入学生几个月的总课表,在班级，排课这里导出课表，可以选择日期,image.png,review_rewrite_needed,['班级/排课/课时/考勤']
student,学生,其他,您好，想请问一下为什么录音可以转文本，但是录音里确听不到任何声音呢,学生录音是杂音，但是有转文本,录音转文本的原因技术这边反馈是因为第三方软件在某种情况下会把杂音识别为类似人声，会给出一些文本由于学生的设备问题导致杂音太多,,review_rewrite_needed,"['作业/布置/批改/反馈', '音频/录音/听力']"
teacher,老师,其他,目前我用词汇书，但是没有办法看到其他老师布置的词汇任务吗我自己布置的学生可以看见我已经切换助教身份了,单词书不能看到其他老师布置的,老师，助教端这边看不到其它老师布置的单词书，只能看到自己布置的,,review_rewrite_needed,"['作业/布置/批改/反馈', '权限/角色/公池', '题库/录题/单词书/模考']"
teacher,老师,其他,老师 我这个学生说一直卡在写作部分，重新进了也卡 有什么办法吗 如果不测了，能看到听力阅读分数吗,学生答题时做写作卡住，如果不做了可以看到前面听力阅读的分数吗,需要确认下学生是否用的谷歌浏览器，入学模考在公池查看，作业在结果页查看就可以,,review_rewrite_needed,"['作业/布置/批改/反馈', '音频/录音/听力', '浏览器/网络/缓存', '权限/角色/公池', '题库/录题/单词书/模考']"
teacher,老师,其他,老师，我这边有位学生做了测试也再二确认做完试卷后提交了，但是后台看不到,找不到学生的入学模考,合肥校区没有销售管理员，普通销售查不到,,review_rewrite_needed,"['权限/角色/公池', '题库/录题/单词书/模考']"
academic,教务,使用问题,我有一个学生，他的账号里所有的作业都看不到了，是为什么呀,学生账号看不到作业,学生移除了班级,,review_rewrite_needed,"['账号登录/密码/手机号', '作业/布置/批改/反馈', '班级/排课/课时/考勤', '权限/角色/公池']"
student,学生,其他,您好，这边学员反馈系统针对最后1题的填涂记录，在时限内完成答题，然后返回前面的题目查看，提交后，发现最后一题所选答案无法保留。请您们这边查看一下，修复一下，好吗？,机构题库最后一题学生答了但是结果页没记录上,机构题目是在点击下一题按钮的时候去提交作答的，因为最后一道题作答后直接点击了上一题，相当于没有确定提交答案，所有再切回去没有显示作答了,,review_rewrite_needed,"['作业/布置/批改/反馈', '题库/录题/单词书/模考']"
teacher,老师,其他,老师，我们有个学生的电脑一直不被录屏，怎么才能解决呀,学生答题没有录屏,技术这边反馈如果学生进行了以下操作，比如：屏蔽某些域名，禁止某些js，手动修改本地js逻辑等，会导致没有录屏,,review_rewrite_needed,['作业/布置/批改/反馈']
academic,教务,使用问题,这个班消课金额为什么是0,学生课消金额为0,订单没关联班级，可以取消重新录入,7d4735a08a35519303f6349022e57c50_.png,review_rewrite_needed,"['班级/排课/课时/考勤', '订单/合同/报课/收费']"
teacher,老师,其他,我这个布置过15次，已经结束了，但是这里的记录是第51个~应该不对呢,单次多层布置没有同步最后布置的单词,单词多次布置不会记录上次的，但是会显示同一本单词书在“单次”布置时已经布置到的单词,,review_rewrite_needed,"['作业/布置/批改/反馈', '题库/录题/单词书/模考']"
teacher,老师,其他,系统内SAT机考6月真题，以及几套OG的题目，module 2都是显示的easier，并没有module 3（harder）版本可选，请问是因为你们这边没有harder版本吗？,SAT机考6月真题，以及几套OG的题目，module 2都是显示的easier，并没有module 3（harder）版本可选,教研部门拿到的真题就是每个部分2个module，就分别录在了routing和easier部分，没有判断难易,,review_rewrite_needed,[]
teacher,老师,使用问题,大家节日快乐，辛苦方便的时候帮我看下，为啥这个学生口语写作作答了，但是系统分数为0呀,学生口语写作作答了，但是系统分数为0,口语写作智能批改没有打开，教务/校长可以在首页设置-教学相关中开启，开启后对新的作业生效,,review_rewrite_needed,['作业/布置/批改/反馈']
teacher,老师,其他,请问这个是怎么回事，一边显示一个人完成，但是详情页里没有分数,学生提交了作业但未显示分数,学生的作答详情里，提交了作业但是未作答,bdd1da68a0bc54bbde2bbb1737d1892.jpg,review_rewrite_needed,['作业/布置/批改/反馈']
teacher,老师,其他,现在模考口语为什么自动打分都是1分，小分都是0分，没有录音转文本,口语没有分数批改,没有打开口语智能批改按钮,,review_rewrite_needed,"['作业/布置/批改/反馈', '音频/录音/听力', '题库/录题/单词书/模考']"
sales,销售,操作疑问,你好 麻烦问一下怎样添加这个学生的负责销售啊,如何分配学生的销售,选中学生，点击分配,image.png,review_rewrite_needed,[]
teacher,老师,其他,系统出了点bug，如果跨越月份留multiple单词，会自动跳到后一个月份...,跨月布置单词作业，布置的时间与显示出来的时间有出入，时间跳转,时差导致，调整电脑时间为北京时间后已解决,,review_rewrite_needed,['作业/布置/批改/反馈']
sales,销售,其他,老师，咱们非vip学员可以安排模考吗？,非vip学员是否可以安排模考作业,非VIP账号无法做题库相关作业,,review_rewrite_needed,"['账号登录/密码/手机号', '作业/布置/批改/反馈', '题库/录题/单词书/模考']"
teacher,老师,其他,老师您好，我们有学生做完了托福一整套听力练习，最后3个lecture答案没有被系统记录下来，请问这是什么情况呀,学生做完了作业，但是系统没有记录上,学生答题录屏显示，学生在conversation 2的第一题一直停留，没有作答，后面答题时间结束，自动交卷了,,review_rewrite_needed,"['作业/布置/批改/反馈', '音频/录音/听力']"
principal,校长,使用问题,这个学生显示有点bug，我之前不小心移出 加回来 有三项就是灰色,班级里学生转班，学习报告的按钮是灰色的,学生已经转班了，所以这三个按钮是灰色，如果要重新加入这个班级，可以先将学生移除班级，再重新加入,25281119002a4f7fbe35e4fc7b4f68c.png,review_rewrite_needed,['班级/排课/课时/考勤']
teacher,老师,其他,反馈一下精听的问题哈，有些俩个词的被放在一个空格里面会导致学生们写精听特别耗时去试错哦，能麻烦看看后续怎么调整合适麽,逐句精听，有两个单词连起来的空，学生容易答错,因为特殊标点导致的问题，已经修改,,review_rewrite_needed,['作业/布置/批改/反馈']
principal,校长,其他,我用vip账号登录有扫码页面没进去,家长账号不能登陆系统,家长目前只有小程序和公众号，没有系统，所以只有二维码显示,235b3f3afabe280ebed2d675b40bbe7.jpg,review_rewrite_needed,"['账号登录/密码/手机号', '小程序/公众号/二维码']"
teacher,老师,其他,老师们，学生端二维码时效是几小时，几小时不识别绑定就会过期,学生端绑定公众号二维码时效,二维码时效是24小时。登陆进去如果无操作，6小时后会自动退出,,review_rewrite_needed,['小程序/公众号/二维码']
academic,教务,其他,老师，阅读题中有这个图，但是有个学生用chrome浏览器，显示不出来这个图，麻烦帮忙看看怎么处理,学生模考答题时，图片未加载出来,先刷新网页，再确认一下网络，最后可以清理缓存试试,,review_rewrite_needed,"['音频/录音/听力', '浏览器/网络/缓存', '题库/录题/单词书/模考']"
teacher,老师,操作疑问,hi各位老师早上好，想请问一下家长端绑定校校小程序是怎么操作的呀,家长端绑定校校小程序,已发送文档,,review_rewrite_needed,['小程序/公众号/二维码']
teacher,老师,其他,我们按照系统调好了格式，为啥传不上去？,自有题库录题，文档录入显示保存失败,文档内图片过大，可以先上传文档，再编辑图片,,review_rewrite_needed,['题库/录题/单词书/模考']
teacher,老师,其他,学生反映这项作业音频放不出来是什么原因呀？谷歌浏览器进去的,学生答题音频显示听力音频播放器初始化失败,可以让学生刷新下试下，或者看下电脑在谷歌浏览器上播放其他音频是否正常，如果是家用，办公室用wifi可以重启下路由器,04a6794f15a2060e2b2d9f9bd6b752dc_.png,review_rewrite_needed,"['作业/布置/批改/反馈', '音频/录音/听力', '浏览器/网络/缓存']"
teacher,老师,其他,老师，有个问题，就是全本单词书抽查里面，我选择了35个list，抽查其中100个单词，但是每一次的这100个词汇都是一样的？,单词抽查是随机的还是固定的,单词书目前的抽查是按照正确率的高低设置的，默认选择是正确率最低的单词，不是随机的，基础训练的“单词”是随机的,,review_rewrite_needed,['题库/录题/单词书/模考']
student,学生,其他,学生入学模考显示数据异常,学生入学模考显示数据异常,未复现，可能是网址链接未复制全,f0e058e6e9c9f59a1c20b65be2eeac0.jpg,review_rewrite_needed,['题库/录题/单词书/模考']
teacher,老师,其他,C02科学 和 A09数学，有多个题加载不出图片。 换了网，换了地理位置，换了时段，清了缓存，还是加载不出,学生答题图片加载不出来,技术反馈这些题目的图片从答题，到资源访问，后台测试都是可以正常查看的。 可能的建议： 1，在Mac上答题时，建议使用谷歌Chrome浏览器 2，如果机构内部有开通网络访问白名单的话，确认已经将 bkz.oss-cn-beijing.aliyuncs.com 和 xiaosaas.oss-cn-beijing.aliyuncs.com 加入到了白名单列表里 3，答题时如果图片显示不出来，右键点击图片占位符，选择“在新tab中打开图片”，看一下图片是否能访问，如果不能访问，可将地址栏里的URL拷贝发我们一下,f00a17a34c582a238c8b112d65a9f39.png,review_rewrite_needed,"['作业/布置/批改/反馈', '音频/录音/听力', '浏览器/网络/缓存']"
academic,教务,操作疑问,你好，麻烦帮忙看一下这个账号为什么看不到公池的入学模考,教务端公池没有入学模考按钮,单独的教务身份查看不了入学模考，需要同时有销售/销售管理员的身份，且销售身份要有查看入学模考的权限,fa16615940628c7d8cbcfb9e0ec1be0.png,review_rewrite_needed,"['账号登录/密码/手机号', '权限/角色/公池', '题库/录题/单词书/模考']"
academic,教务,操作疑问,请问一下，教务先排课了，然后才给学生开账号，那么排得课程怎么导入这个学生的账号下,教务先排课了，然后才给学生开账号，课程如何导入这个学生的账号下,将学生加入班级即可,,review_rewrite_needed,"['账号登录/密码/手机号', '班级/排课/课时/考勤']"
teacher,老师,其他,老师您好，请问一下系统里面的小托福18套题是哪来的，真题吗？,系统里小托福18套题的题目来源,1~10是新东方的小托福模拟题,,review_rewrite_needed,[]
teacher,老师,其他,口语模拟考部分，学生不做语音辨析的模块没有了吗,学生口语答题后没有语音转文本,机构没有打开智能批改的按钮,,review_rewrite_needed,['作业/布置/批改/反馈']
teacher,老师,其他,老师系统上的口语评分有点离谱了，太高了，之前有段时间评分很稳定,口语智能评分不太稳定,机构ai批改次数已用完,,review_rewrite_needed,['作业/布置/批改/反馈']
teacher,老师,其他,您好，求一份系统里的sat 模考的评分标准,系统里的sat机考的评分标准,例如读写部分两个module错了2个题，总题数54 s1=800*52/54 这里就是770分 其他情况，会向上或向中，换成10分跨度的 如：553会换算成550，558会换算成560,,review_rewrite_needed,['题库/录题/单词书/模考']
student,学生,其他,你好，我们有学员模考，测试的时候能录口语，到题目那里就录不了了,学生答题：口语测试可以录音且听到，口语答题的时候就提示未检测到录音,未复现，还需要排查,,review_rewrite_needed,"['音频/录音/听力', '题库/录题/单词书/模考']"
teacher,老师,其他,请问为什么在系统布置的大纲任务，没有显示出来。已经发布了，七月份的都有，八九月份都没有,作业大纲已经发布但是么有下发给学生,未复现，已下发,"0d41b5fc70c1c6af96f6ab9106cb10a.png,788b562d4d705386b2a5ef8a2815609.png",review_rewrite_needed,['作业/布置/批改/反馈']
academic,教务,其他,您好，帮我看看这个学生的排课课时为什么没有显示呢？,班级课时详情有两个数学，但是班级设置只有一个,未复现,bb62c36088a5938c485d1209a27d0e2.png,review_rewrite_needed,['班级/排课/课时/考勤']
student,学生,其他,老师好，这两天有G11年级的学生在使用校校完成听力作业时，遇到了这样的情况，想问下是不是系统问题？,学生反馈系统自动答了题,学生的答题录屏显示，前面的音频部门学生跳过了，后面的每一题都是学生自己选的,"653e823df0b2beb3630cd6f573bead6.jpg,cbc6b948a2b1748be50c7bc8800d087.jpg",review_rewrite_needed,"['作业/布置/批改/反馈', '音频/录音/听力']"
teacher,老师,其他,你好，请问一个账户能绑定几个小程序或者说，怎么重新绑定小程序,如何重新绑定小程序,小程序不用绑定，扫码登录就可以 公众号只能一个绑定微信，可以解绑重新绑定,,review_rewrite_needed,"['账号登录/密码/手机号', '小程序/公众号/二维码']"
student,学生,其他,抱歉这么晚打扰，我们在被学生轰炸。麻烦尽早帮着解决一下，谢谢。,学生sat数学部分答题无法填写小数和分数,未复现，做了优化,"3e7a263cc054c1dada778bdcba350d7.jpg,7c5b77f84762e04054864b6d68894fb.jpg",review_rewrite_needed,[]
teacher,老师,其他,老师您好，请问设置试卷的时候： 1. 能否设置起始分值？如进入考试就有100分，答对题目则加分； 2. 如何将卷子分成不同模块？考试报告中的这些内容如何设置，有教程吗？,自有题库能否设置起始分值，和模块,1：目前自有题库分值只能按题目设置，暂时不支持设置起始分值 2：自有题库的作业目前不支持设置模块，只有系统题库是分板块显示的,27d9e2c7561d03ea2868480378f3dff.jpg,review_rewrite_needed,"['作业/布置/批改/反馈', '题库/录题/单词书/模考']"
teacher,老师,其他,学生答题解析界面出现小黄圆点是什么意思？,学生答题解析界面的小黄圆点是什么,学生做了笔记,2eb8e2afd67ef625a1cde0914887c63.png,review_rewrite_needed,[]
teacher,老师,其他,老师，请问这个模考分数是指的所有作业的平均分数吗？还是什么呢,学生端首页的这个模考分数是指什么,所有模考类作业的平均分,,review_rewrite_needed,"['作业/布置/批改/反馈', '题库/录题/单词书/模考']"
sales,销售,其他,我手机可以查看校校网页功能吗手机访问校校网页的链接？还是小程序？,手机上如何使用校校,已发送小程序使用文档,,review_rewrite_needed,['小程序/公众号/二维码']
academic,教务,其他,这个学生已经交卷了，麻烦看一下怎么回事。,学生做了入学模考，但是没有显示,学生用的其他号码,,review_rewrite_needed,['题库/录题/单词书/模考']
student,学生,其他,一直在转圈，转了几十分钟了,学生口语无法提交,一般无法提交是由于网络原因或浏览器原因，电脑使用谷歌浏览器，iPad的使用safari浏览器，可以尝试切换网络，,Luban_17258112586783c1a22d5-09ad-4c8b-9ab7-561e30ba73a7.jpeg,review_rewrite_needed,['浏览器/网络/缓存']
teacher,老师,其他,为啥学生做到16题的听力，后面直接接的是口语？,学生听力还没有答完，直接跳到了口语部分,答题倒计时结束了,,review_rewrite_needed,['音频/录音/听力']
teacher,老师,使用问题,老师，这个助教身份去布置作业为什么显示没有学生呀，但是下面的班级里面已经有这个学生在了,助教布置作业显示班级里没有学生，教务看是有的,班级不一样，有学生的这个是网络托福单项强化，助教老师布置作业的这个是托福单项强化,,review_rewrite_needed,"['作业/布置/批改/反馈', '浏览器/网络/缓存', '班级/排课/课时/考勤', '权限/角色/公池']"
teacher,老师,操作疑问,请问我们想新建一个科目的话 怎么新建呀？在题库中录入我们的套题的话，可以推送到入学模考中出现在👇这个界面里面对吗？对应会出现在这个界面中，我们可以将对应的链接发给新学生进行测试对吗？,入学模考如何新建科目，如何新建自由题库推送到入学模考,新建科目需要教务或校长在课程里添加，自有题库推送到入学模考后会显示在能力测试板块,a5efa9fca69c9ed0e67b8841b9ec068.jpg,review_rewrite_needed,['题库/录题/单词书/模考']
teacher,老师,使用问题,hello，请问一下为什么这个学生账号登录进去，27/28的课程反馈没有呢,老师写了课堂反馈，学生端看不到,"""英语 (4)""、""英语 (5)""的反馈 老师在添加的时候是选择的发给家长，所以学生这边没有显示",167cab78d810b037d8293653c220441.png,review_rewrite_needed,"['账号登录/密码/手机号', '作业/布置/批改/反馈', '权限/角色/公池']"
teacher,老师,操作疑问,您好，帮忙看下，这个是我们一个老师的账号，显示停用了,员工账号停用了如何操作,教务端员工管理里面启用下,d3b0a36c02859466dd6e49636db199c.png,review_rewrite_needed,['账号登录/密码/手机号']
sales,销售,使用问题,系统为什么会自动生成订单呢？这个同学上午做测试，用132开头的登录链接测试中断了，又重新用173开头的登录测试，做完了132手机登录的那条录入信息系统自动生成了订单,老师没有在7月份的时候录入这个学生，但是系统显示7月份已经录入并形成了订单,该号码之前已录入，且已签约，学生再使用这个号码，输入了新的名字，将原名字更新了,,review_rewrite_needed,"['账号登录/密码/手机号', '订单/合同/报课/收费']"
teacher,老师,其他,老师可以帮忙看一下吗 学生录了口语但是显示没有录音,学生录了口语但是没显示,学生part2录音还没录完倒计时已经结束了，所以这个录音是没有的,27a3b5b7d7a53fc59feb02371da54d7.jpg,review_rewrite_needed,['音频/录音/听力']
student,学生,其他,老师你好，学生模考用的是谷歌浏览器。PART2录音了没有显示，PART3又直接跳过了。麻烦处理一下哈。,学生反馈口语录音录了未显示，part3 被跳过了,学生答题倒计时结束了,,review_rewrite_needed,"['作业/布置/批改/反馈', '音频/录音/听力', '浏览器/网络/缓存', '题库/录题/单词书/模考']"
sales,销售,使用问题,您好想问一下这个孩子报名了这个班级，但是这个班里没有？,学生订单确认了，但是班级没有学生,学生未转正,"8360bd7609b159291907c2590c4d109.png,c651ac22bf9c9d6a437696164706afd.jpg",review_rewrite_needed,"['班级/排课/课时/考勤', '订单/合同/报课/收费']"
teacher,老师,其他,各位老师 请问SAT机考的算分规则是什么呀 可以发我一下吗如果读写第一部分错2题，数学第二部分错2题，可以得多少分啊,sat机考算分标准,例如读写部分两个module错了2个题，总题数54 s1=800*52/54 这里就是770分 其他情况，会向上或向中，换成10分跨度的 如：553会换算成550，558会换算成560,,review_rewrite_needed,[]
academic,教务,使用问题,您好 想问下如果是当天取消课程的 有调整课程状态这个选项吗 在考勤里面刷选今天的课程只筛选出来了3条,考勤筛选课程没有显示全,班级没有学生,,review_rewrite_needed,['班级/排课/课时/考勤']
student,学生,使用问题,哈喽，老师们好，学生这边音频加载不出来,学生音频加载显示缓冲超时,已发送排查文档,b296a954a3ba1bb11583883e055399a.jpg,review_rewrite_needed,['音频/录音/听力']
teacher,老师,其他,老师，这个上面看不到作业点评，用的是自定义作业布置,自定义口语作业没有AI批改,目前ai批改只有托福雅思的系统作业有，其他比如机构题库的写作口语是使用的以前的智能批改 自定义作业是一直没有智能批改的,9a4c94b638af2d3d84ba7c6a4927579.png,review_rewrite_needed,"['作业/布置/批改/反馈', '权限/角色/公池', '题库/录题/单词书/模考']"
teacher,老师,其他,写作题录到自有题库，中学生写完还是没有批改，麻烦看看,自机构自有题库的写作题，显示0分,机构题库这道题老师设置的总分是一分，可以把总分定的高一点 自由题库目前使用的是智能批改，只有雅思托福题目，目前是AI批改,,review_rewrite_needed,"['作业/布置/批改/反馈', '题库/录题/单词书/模考']"
teacher,老师,其他,亲，学生系统上显示他作业都已完成，但是我们后台看是有几个没做的。辛苦看看是什么问题啊~上面是家长截图的系统界面,学生截图显示作业都已完成，老师端显示未完成,未复现,"342d487fb69fd3a91e9635e3a90536b.png,image.png",review_rewrite_needed,['作业/布置/批改/反馈']
teacher,老师,其他,"好奇怪我这个课表里面是16:00-18：00,120分钟，转接金额这里确是180分钟。",课表时间和结转金额时间不对应,之前的数据，在上课结束，生成了课消数据后，修改了排课内容,"d26bf5c1b00d7f64628f3ae9a0d4f72.png,292d2687f089f72027528e0546a46fb.png",review_rewrite_needed,"['班级/排课/课时/考勤', '订单/合同/报课/收费']"
teacher,老师,使用问题,老师好，学生说点进托福入学模考链接里的点进去了没有按键可以答题。,学生托福入学模考没有办法正常答题,未使用谷歌浏览器,,review_rewrite_needed,"['浏览器/网络/缓存', '题库/录题/单词书/模考']"
sales,财务,使用问题,您好，这个学生已经结课了，我这边显示取消课了，28.5小时，麻烦看一下是怎么回事,财务端学生课时与已上课时不符,学生有一节课入班时间，晚于上课时间，所以没有计算课上，教务可以在考勤获课表页面给学生手动打上考勤,,review_rewrite_needed,['班级/排课/课时/考勤']
teacher,老师,其他,阅读有容错率吗？学生正确率19/20，是30分，阅读应该没有容错率吧，那这个分数不对啊,学生托福阅读分数不对,题目问题（passage4的第9题，题型有问题，所以分数算多了）,e398015b23dc7f1c02f20b9bc8138f0.png,review_rewrite_needed,[]
teacher,老师,其他,为啥这里两节课在一个时间档但是不显示冲突呢,同一时间的课没有冲突提示,小丁AL数学这个班级，是结课状态，所以未加入检测,1f1143d0474407657fb7c6f16ca0930.png,review_rewrite_needed,['班级/排课/课时/考勤']
teacher,老师,其他,我这个已上是32，怎么变成42了呀？,学生学习报告课程进度和课时安排的时间对不上,左右是有可能对不上的，因为左边是 学生的 已上课时/购买课时，右边 是该班级的 课程安排,bcb3ed6d133c03d3a3691178b798219.png,review_rewrite_needed,['班级/排课/课时/考勤']
academic,教务,其他,你好，麻烦帮我们看下，这个账号截止是2024.7.12，但是现在登录显示已停用，是什么原因呢,学生账号登录不上，显示已停用,账号后台看到是停用了，和账号截止时间无关，是可以随时停用的 可以在学员管理这点击学生姓名后面的圆点重新启用,9cc338184ee0ccb17d5c53b1b0dbb2b.png,review_rewrite_needed,['账号登录/密码/手机号']
teacher,老师,其他,如果我要重复布置一遍已经答题过的作业，那第1次的作业会被覆盖吗,再次布置已经布置过的作业，答题记录会覆盖吗,不会覆盖，可以直接再次布置,,review_rewrite_needed,['作业/布置/批改/反馈']
teacher,老师,其他,你好，校校系统里面单词孩子说做了，但是系统显示未作答，会出现这样的情况吗？,学生说完成了作业，老师端显示未完成,学生这边也是显示的未作答，另外也可以在学生的结果页看到学生是否有答题录屏，是否有答题时长等判断学生是否有完成,,review_rewrite_needed,['作业/布置/批改/反馈']
teacher,老师,,老师端课表，这里是有课的，但是到下个月了，这里就不显示，说是老师会误以为没有课,老师端课表，这个月会看到下个月前几天的天数，但是没有课程显示，需要跳转到下个月才能看到,技术反馈需要往后放下,803d61637dbbf0dfe0f9bb6e86ce80c.jpg,review_rewrite_needed,"['作业/布置/批改/反馈', '班级/排课/课时/考勤']"
teacher,老师,使用问题,您好，学生安装完启动器，重新登录，进入平台，点击启动器是白板页面。,学生进不了在线课堂,用的微信浏览器,cfea8b3a00296f3f1610e2dd092be49.png,review_rewrite_needed,"['账号登录/密码/手机号', '浏览器/网络/缓存']"
student,学生,使用问题,老师好 这个学生的作业提醒总是发到别的学生的手机上 18957307600学生手机号,更换了学生信息，但是之前的学生还能收到通知,学生可以解绑,13ff29aad0719561e2e93fbd15d1939.jpg,review_rewrite_needed,"['账号登录/密码/手机号', '作业/布置/批改/反馈']"
academic,教务,使用问题,比如班级是刘恒麟 搜索本周课程 时间都选上了 没有筛选出来，其他学生的课程在这里也搜不到,老师在考勤页面搜不到学生班级,班级没有学生,c8675010830d4789eeb8a6840b15002.png,review_rewrite_needed,['班级/排课/课时/考勤']
student,学生,使用问题,为什么学生账号和学生的课表不能关联呢？,学生账号不能看到课表,班级没有学生,"45d68df9d8305f46fa5c38430a0bb66.png,40c0e2e71493bf0d41aebfea82df11d.png",review_rewrite_needed,"['账号登录/密码/手机号', '班级/排课/课时/考勤']"
teacher,老师,其他,麻烦看下这个孩子的平均分计算是不是有点问题？这娃听力就2次13分，其他的都超过13，怎么会平均分就13呢？,学生成绩分析的平均分有问题,学生有两次听力，得分是0，所以平均下来，是13分,960fbc444b937affce4b94b731ae923.png,review_rewrite_needed,['音频/录音/听力']
teacher,老师,其他,老师们好，托福阅读更新curve以后算法应该有问题。你们那边卷面好像满分不是按照22分。以下两个case举例： 学生1： 错5题我们给的curve是23分，系统自动给了25； 学生2：全对，系统给了28分,学生新托福的阅读评分，需要看下是否正确,没有问题，老师总计调整了分数,,review_rewrite_needed,[]
sales,销售,使用问题,辛苦帮忙找一下18884707219这个学生的托福模考结果嘞，学生换了号码登录，我们后台搜索不到,需要帮忙查找入学模考,学生未填推荐人，校长或者销售管理员也可以在公池里查找到,,review_rewrite_needed,"['账号登录/密码/手机号', '权限/角色/公池', '题库/录题/单词书/模考']"
teacher,老师,其他,专注度 是通过啥判断的嘞,学生作业练习专注度如何计算的,学生开启摄像头之后，对于学生做题过程中眼神是否聚焦，有没有左右转头看，眼神离开屏幕这些，结果页会给一个专注度等级,,review_rewrite_needed,['作业/布置/批改/反馈']
student,学生,其他,note和highlight的怎么没有反应？,学生在结果页点击note和highlight没有反应,未复现，让学生排查下浏览器和插件缓存等,41c0f83c0e87d9189594506a22324c1b.mp4,review_rewrite_needed,['浏览器/网络/缓存']
teacher,老师,其他,想问一下有没有预约留题目，比如想留明天考试的卷子，但今天留（但不想让学生今天就看到），是否有预约留的这种,如何操作今天留作业，学生明天才显示,可以布置为实时作业形式，学生可以提前看到但不能做答 或者通过创建作业大纲关联到班级下发,,review_rewrite_needed,"['作业/布置/批改/反馈', '班级/排课/课时/考勤']"
sales,销售,其他,亲，有没有什么办法可以直接看到对应的题目是什么。现在是可以发链接给到学生进行测试，不过没办法在测试前我们看到这个试卷的内容，看看是否合适给到学生进行测试,销售无法看到入学模考题目内容,有标注的，可以直接在题库查看，比如c10t2就是剑桥雅思10test2,aed26086e5e686b8537ea6238b83895.png,review_rewrite_needed,['题库/录题/单词书/模考']
teacher,老师,其他,目前已经普遍使用新托的考试题了 可否直接隐藏掉老托的题目设置 然后在新托里直接把写作的academic discussion直接加进写作的第二个part里不用人为手动勾选了 ？,可否直接隐藏掉老托的题目设置 然后在新托里直接把写作的academic discussion直接加进写作的第二个part里不用人为手动勾选了,目前布置整套改革后新题型，暂时需要老师这边自选题目数量进行布置 因为discussion board题目主要是官网的题目，数量不足以匹配原来的真题，暂未设置整套，后面拿到新题型的真题之后，教研会及时更新整套的题目,,review_rewrite_needed,['作业/布置/批改/反馈']
teacher,老师,其他,您好 学生模考PTE 答案是对的 但是判错了 整个模考分数都不对了欸,PTE模考，听力部分学生答案正确系统判错,没有录入正确答案,d1c65f22adbe01caffad90548ff6441.png,review_rewrite_needed,"['音频/录音/听力', '题库/录题/单词书/模考']"
student,学生,其他,这个查看详情 同学说是点不开的啊,学生错题管理，逐句精听点不开查看详情，有完成逐句精听作业，也有错误,逐句精听这种题型，在错题库里，暂不支持查看详情,6d1b1aa9f71e0f5afb4bafe456a749c.jpg,review_rewrite_needed,"['作业/布置/批改/反馈', '题库/录题/单词书/模考']"
student,学生,其他,作业点进去出现这个情况是由于什么原因,学生打开作业显示作业归属异常,该作业没有布置给该学生,086ea56bf0fe9e136321a53c045490fd_.jpg,review_rewrite_needed,['作业/布置/批改/反馈']
sales,销售,操作疑问,进来做测试的学生如何转正，我怎么签约呢？,学生如何转正，怎么签约,已发送帮助中心,,review_rewrite_needed,[]
academic,教务,使用问题,这个班级已经开了 为什么顾问那里搜不到这个班级呢,创建学生订单时，搜不到对应班级,班级类型有没有选择,"9eb220e3a3cf1ebe30b8ca741fa4c49.jpg,6df95d48180b99c98a1264ca2d87bdb.png",review_rewrite_needed,"['班级/排课/课时/考勤', '订单/合同/报课/收费']"
teacher,老师,其他,老师好！上次因为原来提交时excel表头有问题，所以有些单词没有中文释义，后来我在这里加上了，但现在测试的时候还是不显示中文，是不是需要技术刷新一下？,单词书单词都上传了中文释义，但是学生答题有些中文没有显示，听音选择有些选项是空的,修改之后对新作业生效需要重新下发下,28af944a9c4aff87d18bac9777b731f.png,review_rewrite_needed,"['作业/布置/批改/反馈', '浏览器/网络/缓存', '题库/录题/单词书/模考']"
student,学生,其他,这个时间是不是给的不对？学生反应进入到第二篇直接显示交卷了,入学模考写作部分，学生反馈到第二篇直接显示交卷,学生答题录屏，这个学生是自己点的结束,,review_rewrite_needed,"['作业/布置/批改/反馈', '题库/录题/单词书/模考']"
teacher,老师,操作疑问,这个账号显示的正式成员，但是同学说过期了,学生账号到期，无法登录,教务或校长可以在学员管理点击续期,,review_rewrite_needed,['账号登录/密码/手机号']
student,学生,其他,你好 这个单词测试 交不了卷 ，我现在用的谷歌浏览器登录这个账号 一样的问题,学生单词作业提交不了，提示“交卷失败，请重试”,单词书上传问题，单词过长,,review_rewrite_needed,"['账号登录/密码/手机号', '作业/布置/批改/反馈', '浏览器/网络/缓存', '题库/录题/单词书/模考']"
teacher,老师,其他,如果家长已经绑定了学生端，学生可以绑定家长端吗？,家长扫了学生端小程序，学生可以用家长端吗,家长端小程序可以查看学生课表，反馈和作业，不能作答作业，可以查看已完成的作业 所以如果学生需要小程序答题的话，建议扫学生小程序码,,review_rewrite_needed,"['作业/布置/批改/反馈', '班级/排课/课时/考勤', '小程序/公众号/二维码']"
teacher,老师,其他,老师，创建大纲这里，创建不了了 ，辛苦您看一下,创建作业大纲，选择不上，也输入不了,清理缓存后正常,,review_rewrite_needed,"['作业/布置/批改/反馈', '浏览器/网络/缓存']"
teacher,老师,其他,这个字体问题还没有解决 能否尽快修改一下?(应该不复杂) 因为这个涉及到学生对考试界面的适应 比较紧急,自有题库录入的题目，答题页字体显示不对,自有题库录入，编辑器格式未去掉,1d04eb91a65c5845acc9e2cc3e9e401.jpg,review_rewrite_needed,['题库/录题/单词书/模考']
teacher,老师,其他,这里的高中单词怎么没中文释义，连最后的答案都只有音标,单词作业，没有中文释义,单词书上传的词表没有中文解释,b69622f3f0080906004660b2a56a759.jpg,review_rewrite_needed,"['作业/布置/批改/反馈', '题库/录题/单词书/模考']"
teacher,老师,其他,这个学生课表上已经上了3节课，但是课消只走了2节课，麻烦手动操作一下,学生入班前课消没有算上,老师可以手动算考勤,"3528ca3743d466b591e174a85d144a4.png,a738b8f07d7984cb4d096045718d7af.png",review_rewrite_needed,['班级/排课/课时/考勤']
teacher,老师,其他,你好，我们目前的模考，在，公池-入学模测，这个板块里面我们想安排人复制测试里面的音频等内容，需要给这个人设置什么权限，越小越好,需要查看学生的入学模考，复制测试里面的音频，需要给这个人设置什么权限，越小越好,如果要求该人员必须要查看所有学生的入学模考，目前只能给销售管理员身份。另外一种解决方法是给销售身份，把需要查看入学模考报告的学生分配给该人员。,,review_rewrite_needed,"['音频/录音/听力', '权限/角色/公池', '题库/录题/单词书/模考']"
teacher,老师,其他,第三套卷子就一个学生错，别的都是对的，这是为啥,学生答案判定有误,昨天这个题更改了答案，更改答案之后对新作业生效，所以在更改之前的完成的作业，答案判定没有更新，已经处理好了,"3f069407e80dcf0932006255dd77026.jpg,39d9e5aebe3d37f8efbf78fb43b0429.png",review_rewrite_needed,['作业/布置/批改/反馈']
sales,销售,其他,我这边有个孩子在电脑上做完测试题目提交了，我后台显示的是灰色的未作答，请问这个是怎么回事呀？,学生入学模考提交了但是没有数据,技术已处理,,review_rewrite_needed,['题库/录题/单词书/模考']
academic,教务,其他,您好，我想问问这个课时右边看起来是剩余13小时，但是左边看起来是14小时这是为啥呢,学生学习报告课时和班级页面对不上,有一节课 是在后面补排的，当时是补排的没有算课消，现在补排的课也会算课消了，这节课技术手动处理了下考勤,,review_rewrite_needed,['班级/排课/课时/考勤']
student,学生,使用问题,老师，学生模考卡住了，学生是直接在微信界面打开做的模考,学生模考提交不了,用的微信浏览器,c03a6a77633d07ffd598c8a3cb90acc.jpg,review_rewrite_needed,"['浏览器/网络/缓存', '题库/录题/单词书/模考']"
teacher,老师,其他,老师想问一下 为什么学生作答了 但是没有判分呀？,学生写作没有智能批改,学生输入中有非UTF-8字符，所以测评失败了,94c9956acc62ea59b583d2c1e19cf6a.png,review_rewrite_needed,['作业/布置/批改/反馈']
teacher,老师,其他,你好，学生【王涵林】有完成听力练习，但是在成绩曲线图看不到学生的听力成绩变化。请问在哪里看？,学生有完成听力练习，但是在成绩曲线图看不到学生的听力成绩变化,题型训练布置的作业不显示成绩走势，模考测试布置的才显示,de6fa895bf4b78ef7445c45e818eabe.png,review_rewrite_needed,"['作业/布置/批改/反馈', '音频/录音/听力', '权限/角色/公池', '题库/录题/单词书/模考']"
teacher,老师,其他,这是我们自有题库的题，为什么学生答案是对的，那是系统不给分？,自由题库学生答案是对的，但是系统给0分,老师这个题的类型选的是简答题，之前有处理过，需要技术看下,,review_rewrite_needed,['题库/录题/单词书/模考']
teacher,老师,其他,老师，还有一个问题，我发现系统上录入的ti都会变成c，比如这个句子里面的conditions，复制到系统上，系统会变成的样子,自有题库复制文档，ti会变成C,文档内容的原因，复制这个文档内容到微信里也是一样的,974c10a82aff75cc3a5400fbb82ecf1.jpg,review_rewrite_needed,['题库/录题/单词书/模考']
teacher,老师,其他,老师好！自有题库录题，我录了23题，可只能显示出21题，这是怎么回事？,自有题库录题，我录了23题，可只能显示出21题，题号有重复,可能是编辑问题,,review_rewrite_needed,['题库/录题/单词书/模考']
teacher,老师,其他,老师从自有题库布置的作业，不能查看学生作答详情,老师从自有题库布置的作业，不能查看学生作答详情,未找到原因，有问题的作业技术已处理,,review_rewrite_needed,"['作业/布置/批改/反馈', '题库/录题/单词书/模考']"
teacher,老师,其他,老师好，我想问一下，我这边看学生单词默写的答题录屏，他写的中文，和最终显示的中文是不一样的，这是有什么问题吗？,学生答题录屏写的答案和结果页的答案不一样,因为单词本身的重复，只返回了其中一个的结果，结果页，这个单词有两个,"4d34bd56d96145b8bea6bb3d3687ad6.png,607edae0a12633c1998afdce6e5df72.png",review_rewrite_needed,[]
academic,教务,操作疑问,老师，我这个班级怎么搜索不到我这个学生呀？,班级添加学生搜索不到对应学生,学生在已分班这个列表，您切换下就能看到,,review_rewrite_needed,['班级/排课/课时/考勤']
teacher,老师,使用问题,"这个学生,老师没有办法反馈授课记录，没有一次能反馈成功",老师i不能给学生添加反馈，无法编辑填写,学生不在班级,"2d52cb0fa40f9ace793ea5814372421.png,6e1a372c7e23e8cad1222615a34cdf7.png",review_rewrite_needed,"['作业/布置/批改/反馈', '班级/排课/课时/考勤']"
academic,教务,使用问题,这个班已经开班了 为什么销售这边查不到呢,销售创建订单搜不到对应班级,班级类型没有选择,"d3ef8b2600a49ef8aed8e2a32334c93.png,e856bf0390b18d95ad63663f879fbd2.png",review_rewrite_needed,"['班级/排课/课时/考勤', '订单/合同/报课/收费']"
teacher,老师,其他,请问下这个分数是对的吗？阅读20题，共30分，每道题目1.5分，做对7道题目，分数不是应该1.5*7=10.5吗？,托福入学模考分数不对,教研组的时候没有设置为新题型，所以分数出现了误差,21821cd1d854a1b22c4297ca4601679.jpg,review_rewrite_needed,['题库/录题/单词书/模考']
teacher,老师,其他,学生反馈看不出来单词，我们录完后系统里看到全部的单词，意思也有学生端口中文没了,单词书布置给学生的作业中文没有显示,意大利语单词显示不清楚是否有问题，可以讲词性移到单词前面,4ea082e1b1482c8edea0e0b9219cc71.jpg,review_rewrite_needed,"['作业/布置/批改/反馈', '题库/录题/单词书/模考']"
student,学生,,学生收不到入学模考验证码,学生收不到入学模考验证码,测试没有问题，可以收到，技术需要再看下,,review_rewrite_needed,['题库/录题/单词书/模考']
teacher,老师,其他,act模考不能改分数了,act结果页分数无法修改,未找到问题，技术更新了下,,review_rewrite_needed,['题库/录题/单词书/模考']
teacher,老师,使用问题,学生登入系统后界面是这样的,学生登陆系统后界面无法做作业,网址不对,8183a3af1245adf40315f9d1ea7aa33.jpg,review_rewrite_needed,['作业/布置/批改/反馈']
teacher,老师,其他,小助手好，这两天学生的跟读打分很低，听着没什么问题，可以帮忙看看是什么原因么,学生跟读作业评分只有4分，平时分数是60-70,学生刚做完的时候，测评还未返回数据，之后正常,dcf8ba0a17a3ecd9b9df3f39e0f47ac.png,review_rewrite_needed,['作业/布置/批改/反馈']
teacher,老师,操作疑问,请问一下 单词背诵如何设置啊？,单词如何布置,已发送帮助中心,,review_rewrite_needed,['作业/布置/批改/反馈']
academic,教务,其他,充50小时，不知道这个剩余110个小时从哪里来的？,学员管理录入订单的页面显示班级剩余课时是110课时，学生只充了50个课时,这里显示的是班级总课时减去以上课时的数据，班级总课时是机构设置的,,review_rewrite_needed,"['班级/排课/课时/考勤', '订单/合同/报课/收费']"
teacher,老师,其他,你好，我们在看学生模考的录屏，请问出现这个提示是代表什么意思呢？,提示中断答题是什么意思,是指学生的鼠标移出了答题页面,e43900fa18d2125ad7013351938d236.png,review_rewrite_needed,['题库/录题/单词书/模考']
student,学生,其他,你好 最近学生反映长难句会吞答案，就是有些题目只有第一个空保存了答案，有些全没了，小朋友做了两次 都是突然一下都没有了,长难句有些题目做了之后答题数据会消失,长难句的答题数据是一题一题保存的，也就是这一题答完，点击下一题上一题的答题数据才会保存，如果在这一题的答题过程中点击上一题，那这一题的答案就会没有保存上,18f75d5176d67ee382bc0ecd8bac4477.mp4,review_rewrite_needed,[]
teacher,老师,使用问题,我今天有个单词书传不上去了。。你们能帮忙看看吗,单词书上传显示单词为0,excel表头，这一列表头不是之前的“单词”，识别不了，这个不能更改,U7 - 副本.xlsx,review_rewrite_needed,['题库/录题/单词书/模考']
academic,教务,操作疑问,能帮忙看看这个孩子的账号为什么在“班级”里面搜索不到呢？,在班级里搜索不到该学生,没有创建班级，已引导帮助中心,38488c0c0d86ab6921747f7219da34b.png,review_rewrite_needed,"['账号登录/密码/手机号', '班级/排课/课时/考勤']"
student,学生,使用问题,老师你好，我这边学生在进行模考时出现几个问题，①图片上的8这个空格填不了词，②视频里阅读部分测试已完成，但是提交不了。麻烦帮忙看一下怎么处理，谢谢,学生模考图片上的8这个空格填不了词，频里阅读部分测试已完成，但是提交不了,学生用的是苹果自带的浏览器,"a13ff98a4b47cc750ec810014ef24c74.mp4,c3202b42de5b0334ad17feb123a2fd1.jpg",review_rewrite_needed,"['浏览器/网络/缓存', '题库/录题/单词书/模考']"
teacher,老师,其他,您好，老师，这边的tpo63，请问是缺失了1个问题吗？,tpo63只有4个题目,"TPO63, 原题第3和第4题重复了哦，所以就只有4道题了",529ada0d14835fdc9e57d7c158004b0.png,review_rewrite_needed,[]
teacher,老师,其他,这个学生只错1题，为啥系统显示错了15题。我不同时间刷新了很多遍，还是一样的结果。,学生答题解析只错了1题，但是结果页显示只对了5个,学生没交卷之前结果页数据不一定准确，以学生完成后的作业为准,"346b67a60bcef0c6bb22a1fbc3a939b.jpg,c6eee51e6492658945c0d38590f7ce0.jpg",review_rewrite_needed,"['作业/布置/批改/反馈', '浏览器/网络/缓存']"
teacher,老师,其他,又这样了，布置不了作业,布置作业提示班级科目已变更，无法布置,这里是考虑到，有些课程在结课后，会修改科目，给新班级使用，所以修改了课程的科目后，原班级科目没有同步修改 这个班级技术已手动同步好了,d7496186b3c0a66f4d6c3128044df81.png,review_rewrite_needed,"['作业/布置/批改/反馈', '班级/排课/课时/考勤']"
student,学生,其他,老师，这个学生单词正确率达标，但是下一个单元没解锁，麻烦帮忙看一下哦，谢谢～,学生单词正确率达标，但是下一个单元没解锁,未找到原因，已做处理还需观察,d3c3367584ebe5424e94c2838761288.png,review_rewrite_needed,[]
teacher,老师,其他,"我们有一题，学生的答案和我们正确答案是一样的，而且这题我们也设置了分值，但是每次学生做完作业一直显示这题0分,这个lesson 3里面的第24题",自有题库的作业，学生答对了，但是系统判错,简答题对于字符无法识别，技术这边处理下,b71e9bd2ca3a0974f0181c3efa5075c.png,review_rewrite_needed,"['作业/布置/批改/反馈', '题库/录题/单词书/模考']"
teacher,老师,其他,老师 这个单词有问题 只有30个 系统显示有50个,单词作业只有30个 系统显示有50个,老师布置重复了,,review_rewrite_needed,['作业/布置/批改/反馈']
teacher,老师,其他,你好，为什么冯子芸找不到7.3号的排课，与教务对接了一下，教务说有在系统上排课,老师填写反馈找不到学生的课,老师自己调了电脑时区,,review_rewrite_needed,"['作业/布置/批改/反馈', '班级/排课/课时/考勤']"
teacher,老师,使用问题,这种情况不能完全解决嘛？词汇表里的F都是错的。发不了音,机构自有题库，单词发音有问题,单词录入问题,d083e5d37a1cfbb7fd452cf9cd405674.mp4,review_rewrite_needed,['题库/录题/单词书/模考']
teacher,老师,其他,学生有错词，为什么这个统计这里显示没有,生有错词，为什么这个统计这里显示没有,学生进行了错词练习，学生再次练习后单词答对的就不算在错词里了,,review_rewrite_needed,[]
