review_id,suggested_decision,human_decision,audience,audience_label,port,type,status,category,question,desc,suggested_answer,date,customer,manager,owner,review_note,score
fb-approval-0001,建议入库,,teacher,老师库,老师,使用问题,不处理,账号登录/密码/手机号；作业/布置/批改/反馈；音频/录音/听力；浏览器/网络/缓存；班级/排课/课时/考勤；班级,你好，我的校校进入界面后，到班级和作业那里就一直转圈圈不动是什么情况呢？,使用safari浏览器的时候加载很慢,如果后续还有这样的情况，可以提供下手机号和录屏,2026-03-23,成外国际部,,,,154
fb-approval-0002,建议入库,,teacher,老师库,老师,使用问题,不处理,账号登录/密码/手机号；作业/布置/批改/反馈；音频/录音/听力；浏览器/网络/缓存；题库/录题/单词书/模考；登录,老师您好，今天的系统是打不开吗？试了好几次一直这样显示,反馈题库界面加载慢,系统题库这里数据较大，网络差的情况加载时间就会很长,2026-06-01,超级学长,,,,128
fb-approval-0003,建议入库,,teacher,老师库,老师,使用问题,不处理,作业/布置/批改/反馈；音频/录音/听力；浏览器/网络/缓存；班级/排课/课时/考勤；题库/录题/单词书/模考；布置作业页面,老师好 选择AP的班级没有模考,AP课程关联题库以后，不知道要怎么操作才能加载,目前看应该是要刷新才会更新,2026-03-06,北京环球,,,,118
fb-approval-0004,建议入库,,student,学生库,学生,使用问题,不处理,账号登录/密码/手机号；作业/布置/批改/反馈；浏览器/网络/缓存；登录,学生反馈网页无法打开,ipad打不开系统,从唯学给的截图里找到原因了，是网址不正确导致的，目前解决方法给到清理缓存后重新输入网址登录,2026-03-25,剑明教育,,,,100
fb-approval-0005,建议入库,,student,学生库,学生,使用问题,不处理,账号登录/密码/手机号；音频/录音/听力；浏览器/网络/缓存；答题,13817416494，这个是注册测试的手机号,海外学生答题界面显示空白,学生ip显示在英国，看视频时网络问题加载不出来图片，说了让开vpn后再试试,2026-04-02,山湫,,,,99
fb-approval-0006,建议入库,,student,学生库,学生,使用问题,不处理,作业/布置/批改/反馈；音频/录音/听力；浏览器/网络/缓存；其他,老师，请问学生在香港 登陆 校校系统 显示一直无法刷新，该如何解决呢,作业界面无法加载,老师，您可以先确认作业是否已经成功布置、学生是否在对应班级内，以及作业状态是否已提交/已完成；如果状态正常但仍看不到，再提供学生账号和作业链接转人工排查。,2026-04-19,新航道,,,,98
fb-approval-0007,建议入库,,teacher,老师库,老师,使用问题,不处理,作业/布置/批改/反馈；音频/录音/听力；浏览器/网络/缓存；作业管理页面,查看自己作业布置数据的时候出现的提示,作业管理界面出现访问频次异常,老师，您可以先确认作业是否已经成功布置、学生是否在对应班级内，以及作业状态是否已提交/已完成；如果状态正常但仍看不到，再提供学生账号和作业链接转人工排查。,2026-05-01,新航道北京,,,,98
fb-approval-0008,建议入库,,teacher,老师库,老师,使用问题,不处理,账号登录/密码/手机号；作业/布置/批改/反馈；权限/角色/公池；作业管理页面,老师，校校系统上，新的助教老师添加之前的学员账号之后，作业没办法同步更新，助教这边看的作业数量和学生那边的不一样,助教看不到作业,老师，您可以先检查三点：学生是否在对应班级里、作业布置对象是否包含该学生、学生账号是否有做题权限。确认后让学生端刷新或重新登录再看。,2026-03-22,新航道武汉,,,,98
fb-approval-0009,建议入库,,teacher,老师库,老师,使用问题,不处理,账号登录/密码/手机号；作业/布置/批改/反馈；权限/角色/公池；题库/录题/单词书/模考；AI分析,1昨天助教已经花了2金币生成，今天再次打开后，内容又没了，只能当天生成当天查看吗？ 2助教针对该学员的模考生成了AI点评，学生账号那边也看不到吗,结果页AI分析生成后，第二天就没有了,技术反馈老师发的这个结果页没有生成过ai分析，https://sac.xiaosaas.com/org/IELTS/result.html?id=10501529&stubj=&qid=&stuid=246837&wrcd=1&xiaov=1779814459这个结果页昨天18点多生成过,2026-06-05,留学猫,,,,98
fb-approval-0010,建议入库,,student,学生库,学生,使用问题,pending,作业/布置/批改/反馈；音频/录音/听力；权限/角色/公池；答题,麻烦看下这里哦,口语无法录音,老师，您可以先让学生使用 Chrome 浏览器重新进入，并刷新页面或清理缓存。如果音频超过 15 秒仍未加载，可按页面提示下载音频本地播放；仍不行的话，再提供学生账号、测试链接和截图转人工排查。,2026-06-03,秒懂,,,,96
fb-approval-0011,建议入库,,student,学生库,学生,使用问题,不处理,作业/布置/批改/反馈；音频/录音/听力；权限/角色/公池；答题,老师好，今日在测试的时候，口语跟读这块，一直过不去。,口语跟读无法作答,反馈口语作答录音问题，看录屏是没开录音权限,2026-04-18,思福领航,,,,96
fb-approval-0012,建议入库,,student,学生库,学生,使用问题,不处理,作业/布置/批改/反馈；音频/录音/听力；权限/角色/公池；答题,学生录音完以后，点击end recording没反应，结束不了，没法提交作业,安卓pad无法提交录音,老师，您可以先让学生使用 Chrome 浏览器重新进入，并刷新页面或清理缓存。如果音频超过 15 秒仍未加载，可按页面提示下载音频本地播放；仍不行的话，再提供学生账号、测试链接和截图转人工排查。,2026-03-19,秒懂,,,,96
fb-approval-0013,建议入库,,academic,教务库,教务,使用问题,已处理,账号登录/密码/手机号；班级/排课/课时/考勤；权限/角色/公池；课表,为什么这个明明有排课,排课后总课表不显示,这个是机构那边把那个上课老师（原名称：朱士昌（教授））账号权限改了并且名称也改了,2026-01-13,悠学辉,,,,95
fb-approval-0014,建议入库,,teacher,老师库,老师,使用问题,未复现,作业/布置/批改/反馈；浏览器/网络/缓存；权限/角色/公池；结果页,老师好，请问更新后的校校系统怎么看不到学生全部的做题情况了呢？,技术反馈是老师没有用谷歌浏览器，现在让老师清除缓存后再试下,目前与老师那边沟通完后，初步判断是网络问题，给出的是先连接热点进行操作，老师那边反馈先用热点试了后续再看发聩,2026-05-17,江博教育,,,,95
fb-approval-0015,建议入库,,teacher,老师库,老师,使用问题,不处理,账号登录/密码/手机号；班级/排课/课时/考勤；权限/角色/公池；课表,教务老师进行排课，她那边可以显示排课课表，我这边看不到,教务老师排课后，任课老师看不到,排课的老师账号，和老师登录的账号，不是同一个账号,2026-01-21,托雅猫,,,,95
fb-approval-0016,建议入库,,student,学生库,学生,使用问题,不处理,作业/布置/批改/反馈；班级/排课/课时/考勤；权限/角色/公池；作业管理页面,好几位学生在系统上的作业消失了,学生看不到作业了,老师，您可以先检查三点：学生是否在对应班级里、作业布置对象是否包含该学生、学生账号是否有做题权限。确认后让学生端刷新或重新登录再看。,2026-04-08,布谷龙途,,,,94
fb-approval-0017,建议入库,,student,学生库,学生,使用问题,不处理,音频/录音/听力；浏览器/网络/缓存；权限/角色/公池；答题,老师，学生麦克风没声音 但其他的网站或者app都可以用 只有这个系统不可以,麦克风权限打开后还是无法录音,老师，您可以先让学生使用 Chrome 浏览器重新进入，并刷新页面或清理缓存。如果音频超过 15 秒仍未加载，可按页面提示下载音频本地播放；仍不行的话，再提供学生账号、测试链接和截图转人工排查。,2026-05-05,至真国际,,,,94
fb-approval-0018,建议入库,,teacher,老师库,老师,使用问题,不处理,账号登录/密码/手机号；作业/布置/批改/反馈；浏览器/网络/缓存；题库/录题/单词书/模考；AI批改,老师 系统显示还有六万多金币但是我在批改学生入学测试的时候 显示金币不足 请问是为什么,助教批改入学模考，判断了助教账号校币,清除缓存后刷新浏览器就能正常批改的,2026-01-27,朗思教育,,,,94
fb-approval-0019,建议入库,,student,学生库,学生,使用问题,已处理,作业/布置/批改/反馈；音频/录音/听力；浏览器/网络/缓存；基础训练-单词,您好，学生更新了谷歌浏览器后单词默写的任务加载不全了，这种情况怎么解决呀,单词作业显示不完整,老师，您可以先确认作业是否已经成功布置、学生是否在对应班级内，以及作业状态是否已提交/已完成；如果状态正常但仍看不到，再提供学生账号和作业链接转人工排查。,2026-06-08,拓君达,,,,92
fb-approval-0020,建议入库,,student,学生库,学生,使用问题,不处理,作业/布置/批改/反馈；音频/录音/听力；浏览器/网络/缓存；答题,老师，不好意思，但是现在还是会有播一半不播的问题，连续两次都是放到某一句就停下了,新托福音频播放问题,老师，您可以先让学生使用 Chrome 浏览器重新进入，并刷新页面或清理缓存。如果音频超过 15 秒仍未加载，可按页面提示下载音频本地播放；仍不行的话，再提供学生账号、测试链接和截图转人工排查。,2026-04-12,新航道北京,,,,92
fb-approval-0021,建议入库,,teacher,老师库,老师,使用问题,不处理,账号登录/密码/手机号；作业/布置/批改/反馈；权限/角色/公池；题库/录题/单词书/模考；布置作业页面,但我布置的时候看不到我录入的，科目选哪个？,机构题库科目显示逻辑,在与机构老师沟通要账号再看下相关数据,2026-05-07,寸心,,,,92
fb-approval-0022,建议入库,,teacher,老师库,老师,使用问题,不处理,作业/布置/批改/反馈；浏览器/网络/缓存；权限/角色/公池；题库/录题/单词书/模考；布置作业页面,老师，雅思口语题库2026 1-4 月的这个题目是不是应该是scenery，我布置作业看不到里面具体的题目不确定,布置作业界面中英文显示不一致,老师，您可以先检查三点：学生是否在对应班级里、作业布置对象是否包含该学生、学生账号是否有做题权限。确认后让学生端刷新或重新登录再看。,2026-03-23,新航道济南,,,,89
fb-approval-0023,建议入库,,student,学生库,学生,使用问题,不处理,账号登录/密码/手机号；作业/布置/批改/反馈；答题,为什么做了作业不显示 之前也问过这个问题,答题后结果页不显示的问题,有查到提出问题的时候，有登录信息，但是截图内的作业并没有作答的数据,2026-02-04,秒懂,,,,73
fb-approval-0024,建议入库,,teacher,老师库,老师,使用问题,已处理,账号登录/密码/手机号；作业/布置/批改/反馈；小程序/公众号/二维码；结果页,这个孩子的作业我不能批改。,没有登录老师账号导致,小程序这边生成的二维码目前有限制，无法进行批改这些操作，后面尽量通过PC端生成二维码发出,2026-02-04,壹思唯,,,,73
fb-approval-0025,建议入库,,teacher,老师库,老师,使用问题,不处理,账号登录/密码/手机号；作业/布置/批改/反馈；校币,老师，您好！我是昆明学校的孙清溪老师，我在校校系统的使用上遇到了一点棘手的问题。我 1 月 2 日登录系统时还显示有 200 余校币，可 1 月 3 日登录却发现账户显示欠校币 2300 多。教学主管老师帮忙后台查询后显示我 1 月 3 日有 90 个作业使用了写作智能批改功能，但实际上我当天仅收到了 2 份作业。恳请负责老师帮忙核查解决一下这个问题，辛苦您了！非常感谢！,校币使用问题,这个是因为您作业有一个名为【b段单句翻译练习】的作业，学生“林丽雅”在1月3号下午14:42提交了，里面含有90道写作题是使用了AI批改的，所以才会有同时使用了这么多校币的情况,2026-01-04,新航道,,,,73
fb-approval-0026,建议入库,,teacher,老师库,老师,使用问题,已处理,账号登录/密码/手机号；作业/布置/批改/反馈；题库/录题/单词书/模考；AI分析,你好老师，这个ai批改生成失败是什么原因，学生模考了托福的口语，系统账号有校币,AI分析无法生成,私有云的socket没有更新，导致分析不出来，周五晚上更新了的,2026-04-03,超级学长,,,,73
fb-approval-0027,建议入库,,student,学生库,学生,使用问题,客户未回复,作业/布置/批改/反馈；音频/录音/听力；小程序/公众号/二维码；小程序,系统是出问题了吗,反馈小程序单词作业没有上一题了，而且有单词不发音,老师，您可以先确认作业是否已经成功布置、学生是否在对应班级内，以及作业状态是否已提交/已完成；如果状态正常但仍看不到，再提供学生账号和作业链接转人工排查。,2026-06-09,维特利,,,,71
fb-approval-0028,建议入库,,student,学生库,学生,使用问题,未复现,作业/布置/批改/反馈；音频/录音/听力；小程序/公众号/二维码；小程序,小程序背单词没声音,小程序单词没有声音,暂时无法复现，客户下次再出问题后，及时反馈我们这边查问题,2026-05-27,秒懂,,,,71
fb-approval-0029,建议入库,,student,学生库,学生,使用问题,未复现,作业/布置/批改/反馈；音频/录音/听力；答题,下午好，想问下做听力题这个情况 是因为什么原因呀？ 卡在这个点好几次了,老师反馈音频无法播放,老师，您可以先让学生使用 Chrome 浏览器重新进入，并刷新页面或清理缓存。如果音频超过 15 秒仍未加载，可按页面提示下载音频本地播放；仍不行的话，再提供学生账号、测试链接和截图转人工排查。,2026-05-19,留学猫,,,,71
fb-approval-0030,建议入库,,student,学生库,学生,使用问题,已处理,作业/布置/批改/反馈；音频/录音/听力；答题,辛苦技术老师看一下,repeat题音频播放不全,老师，您可以先让学生使用 Chrome 浏览器重新进入，并刷新页面或清理缓存。如果音频超过 15 秒仍未加载，可按页面提示下载音频本地播放；仍不行的话，再提供学生账号、测试链接和截图转人工排查。,2026-03-20,秒懂,,,,71
fb-approval-0031,建议入库,,student,学生库,学生,使用问题,不处理,作业/布置/批改/反馈；音频/录音/听力；答题,我发现他这个听力有个问题，就是他那个需要填空的地方跟听听力的地方不一致。包括上次也是这次也是用手机做的时候，它那个空跟答案对不上，需要填写的地方又没给空填,篇章精听填空内容和听力音频不符,老师，您可以先让学生使用 Chrome 浏览器重新进入，并刷新页面或清理缓存。如果音频超过 15 秒仍未加载，可按页面提示下载音频本地播放；仍不行的话，再提供学生账号、测试链接和截图转人工排查。,2026-01-12,秒懂,,,,71
fb-approval-0032,建议入库,,student,学生库,学生,使用问题,不处理,账号登录/密码/手机号；浏览器/网络/缓存；登录,老师们看看这个问题呢， 我之前也有遇到过,学生端无法打开，在首页会直接闪退,这个问题录屏上看是学生那边设备卡顿问题，整个浏览器都直接崩溃了,2026-05-18,美言教育,,,,71
fb-approval-0033,建议入库,,student,学生库,学生,使用问题,不处理,账号登录/密码/手机号；浏览器/网络/缓存；题库/录题/单词书/模考；答题,您好，请问学生使用google浏览器，登录了考试，但学生表示没有做到阅读板块的内容，是怎么回事~,有个模块被自动跳过了,这个学生首次作答时间是2026-02-25，应该是当时打开了这个入学模考，然后阅读没有作答，直接倒计时结束了，后来又接着做，所以阅读就做不了了,2026-05-03,美世教育,,,,71
fb-approval-0034,建议入库,,teacher,老师库,老师,使用问题,不处理,作业/布置/批改/反馈；音频/录音/听力；AI批改,口语没有批改上，重新批改也没反应,AI批改失败,批改失败的口语录音里面没说话，所以批改失败,2026-01-08,新航道,,,,71
fb-approval-0035,建议入库,,teacher,老师库,老师,使用问题,不处理,作业/布置/批改/反馈；音频/录音/听力；系统题目,亲，咱们新托福听力部分的第一个部分，就是listen and response，答题过程中，是没有倒计时的。,新托福听力没有倒计时,老师，您可以先让学生使用 Chrome 浏览器重新进入，并刷新页面或清理缓存。如果音频超过 15 秒仍未加载，可按页面提示下载音频本地播放；仍不行的话，再提供学生账号、测试链接和截图转人工排查。,2026-01-27,飞虎,,,,71
fb-approval-0036,建议入库,,teacher,老师库,老师,使用问题,不处理,作业/布置/批改/反馈；音频/录音/听力；结果页,现在托福听力的答题时间是怎么计算和显示的？为什么有的题目会超过20秒呢？,新托福答题时间显示问题,6月1号晚上更新的，之前完成的作业处理不了,2026-06-02,承读教育,,,,71
fb-approval-0037,建议入库,,teacher,老师库,老师,使用问题,已处理,作业/布置/批改/反馈；音频/录音/听力；题库/录题/单词书/模考；机构题库,你好 系统布置作业上面听力王界面加载不出，换了热点&其他电脑尝试都不行。辛苦帮我们看一下是什么原因,布置作业界面机构题库无法加载,老师，您可以先确认作业是否已经成功布置、学生是否在对应班级内，以及作业状态是否已提交/已完成；如果状态正常但仍看不到，再提供学生账号和作业链接转人工排查。,2026-04-14,杭州青澜,,,,71
fb-approval-0038,建议入库,,teacher,老师库,老师,使用问题,不处理,作业/布置/批改/反馈；音频/录音/听力；题库/录题/单词书/模考；结果页,老师这套模考卷子为何听力是两套,听力重复布置了,老师，您可以先让学生使用 Chrome 浏览器重新进入，并刷新页面或清理缓存。如果音频超过 15 秒仍未加载，可按页面提示下载音频本地播放；仍不行的话，再提供学生账号、测试链接和截图转人工排查。,2026-01-23,探月,,,,71
fb-approval-0039,建议入库,,academic,教务库,教务,使用问题,不处理,账号登录/密码/手机号；班级/排课/课时/考勤；员工管理,系统改了老师的联系电话，为什么课程都没有了,修改老师手机号后，老师的排课消失了,后台看 王筱雨Vivian 这个账号是新增的，号码是 18924596750 ，之前还有一个 18124144257 这个号码的，目前姓名是 梁琦敏Anna,2026-03-19,立斯立行,,,,70
fb-approval-0040,建议入库,,academic,教务库,教务,使用问题,不处理,账号登录/密码/手机号；班级/排课/课时/考勤；排课,老师 能看一下这咋回事嘛 我再三确认了 老师在这个时间段没有课程,老师没有课但是提示冲突了,石弘毅SAT VIP一对一 这个班级中有节未发布的课程,2026-03-29,youtoo,,,,70
fb-approval-0041,建议入库,,student,学生库,学生,使用问题,未复现,作业/布置/批改/反馈；浏览器/网络/缓存；答题,请问这是咋回事儿呀？还是这个同学的模拟考试，每次点submit的时候，这个按钮都会跑到tab栏上去，所以只能refresh，一刷新就这样了，一直点reload，一直显示这个页面,作业无法正常提交,老师，您可以先确认作业是否已经成功布置、学生是否在对应班级内，以及作业状态是否已提交/已完成；如果状态正常但仍看不到，再提供学生账号和作业链接转人工排查。,2026-05-31,小猴取经,,,,70
fb-approval-0042,建议入库,,student,学生库,学生,使用问题,客户未回复,作业/布置/批改/反馈；浏览器/网络/缓存；答题,你好，我们在美国的学生今天做作业特别卡，说每一题都卡，而且计算器里的过程会消失,海外学生SAT答题卡顿，且计算器里的过程会消失,从描述现象看是浏览器内存爆了，具体现象还在和老师确认中,2026-05-28,Vantage,,,,70
fb-approval-0043,建议入库,,student,学生库,学生,使用问题,不处理,作业/布置/批改/反馈；浏览器/网络/缓存；答题,你好，这个sat的做题页面，学生反馈说做完了提交不了，是什么原因呀,作业无法提交,老师，您可以先确认作业是否已经成功布置、学生是否在对应班级内，以及作业状态是否已提交/已完成；如果状态正常但仍看不到，再提供学生账号和作业链接转人工排查。,2026-03-12,亦诺国际,,,,70
fb-approval-0044,建议入库,,student,学生库,学生,使用问题,不处理,作业/布置/批改/反馈；浏览器/网络/缓存；答题,你好，学生反馈系统经常有闪退问题,答题过程中闪退，时间计算不对,给老师回复了：这个情况通常是内存不足导致的，清下后台应用，并且清下浏览器缓存，只打开系统进行答题操作试下,2026-02-07,西点国际,,,,70
fb-approval-0045,建议入库,,academic,教务库,教务,操作疑问,已处理,账号登录/密码/手机号；权限/角色/公池；员工权限,之后网站更新 可不可以给一个小提示 就是学员账号快过期的时候 给教师端口提示,账号过期提示（教务端有）,跟EVA老师说不明白，计划下次回访沟通的时候统一沟通明白,2026-06-10,秒懂,,,,69
fb-approval-0046,建议入库,,student,学生库,学生,使用问题,未复现,音频/录音/听力；浏览器/网络/缓存；答题,学生这里播放有异常，是谷歌浏览器,音频无法播放（IP、浏览器正确）,老师，您可以先让学生使用 Chrome 浏览器重新进入，并刷新页面或清理缓存。如果音频超过 15 秒仍未加载，可按页面提示下载音频本地播放；仍不行的话，再提供学生账号、测试链接和截图转人工排查。,2026-04-19,秒懂,,,,69
fb-approval-0047,建议入库,,student,学生库,学生,使用问题,不处理,音频/录音/听力；浏览器/网络/缓存；答题,这个听力好卡 不知道是我网的问题还是音频的问题,音频卡顿,老师，您可以先让学生使用 Chrome 浏览器重新进入，并刷新页面或清理缓存。如果音频超过 15 秒仍未加载，可按页面提示下载音频本地播放；仍不行的话，再提供学生账号、测试链接和截图转人工排查。,2026-04-13,秒懂,,,,69
fb-approval-0048,建议入库,,student,学生库,学生,使用问题,未复现,音频/录音/听力；浏览器/网络/缓存；答题,王老师，今早监考托福过程中，四科合考，个别同学系统再次出现问题:听力没声音、别的科目跳题等,音频没有声音,老师，您可以先让学生使用 Chrome 浏览器重新进入，并刷新页面或清理缓存。如果音频超过 15 秒仍未加载，可按页面提示下载音频本地播放；仍不行的话，再提供学生账号、测试链接和截图转人工排查。,2026-01-27,石室天府,,,,69
fb-approval-0049,建议入库,,student,学生库,学生,使用问题,不处理,音频/录音/听力；浏览器/网络/缓存；答题,学生重做了一遍题，还是有一道没录上,口语无法录音,老师，您可以先让学生使用 Chrome 浏览器重新进入，并刷新页面或清理缓存。如果音频超过 15 秒仍未加载，可按页面提示下载音频本地播放；仍不行的话，再提供学生账号、测试链接和截图转人工排查。,2026-01-27,新航道北京,,,,69
fb-approval-0050,建议入库,,teacher,老师库,老师,使用问题,不处理,作业/布置/批改/反馈；班级/排课/课时/考勤；作业管理页面,请问同一个学生，在学员界面，能查到，进行中的作业,同一个老师在同一个班级里布置的作业，在作业管理界面和班级界面显示的状态不一致,老师，您可以先确认作业是否已经成功布置、学生是否在对应班级内，以及作业状态是否已提交/已完成；如果状态正常但仍看不到，再提供学生账号和作业链接转人工排查。,2026-05-14,新航道北京,,,,69
fb-approval-0051,建议入库,,teacher,老师库,老师,使用问题,已处理,作业/布置/批改/反馈；班级/排课/课时/考勤；班级,这是我手动发布的错题训练,错题训练显示灰色,技术加上了限制，后续等老师反馈后，需要问下复现步骤,2026-02-27,秒懂,,,,69
fb-approval-0052,建议入库,,teacher,老师库,老师,使用问题,不处理,作业/布置/批改/反馈；班级/排课/课时/考勤；课堂反馈,上完课后应该在首页会有待反馈课程的记录才对,上课时间过后待反馈课程没有出现在首页,老师，您可以先检查班级课时、学生所在班级和转入班级配置是否完整；如果提示无剩余课时，通常需要先确认目标班级是否设置了总课时。,2026-02-03,立斯立行,,,,69
fb-approval-0053,建议入库,,teacher,老师库,老师,使用问题,不处理,账号登录/密码/手机号；权限/角色/公池；登录,请问把教师的手机号错开为学生的权限是否可以调整？,手机号修改给老师账号后，登录还是显示学生界面,18303026800：石家庄老师账号停用状态 17731021213：邯郸校区没有录入,2026-04-09,新航道石家庄,,,,69
fb-approval-0054,建议入库,,student,学生库,学生,使用问题,不处理,账号登录/密码/手机号；作业/布置/批改/反馈；答题,不同的电脑用不同的账号 都提交不上作业,学生无法提交作业（题目还没录入完导致）,老师，您可以先确认作业是否已经成功布置、学生是否在对应班级内，以及作业状态是否已提交/已完成；如果状态正常但仍看不到，再提供学生账号和作业链接转人工排查。,2026-02-05,有鱼,,,,67
fb-approval-0055,建议入库,,student,学生库,学生,使用问题,不处理,作业/布置/批改/反馈；音频/录音/听力；答题,学员的口语作业 录音上传了听不到声音是什么原因哇,录音上传后没有声音,老师，您可以先让学生使用 Chrome 浏览器重新进入，并刷新页面或清理缓存。如果音频超过 15 秒仍未加载，可按页面提示下载音频本地播放；仍不行的话，再提供学生账号、测试链接和截图转人工排查。,2026-03-16,秒懂,,,,65
fb-approval-0056,建议入库,,student,学生库,学生,使用问题,不处理,作业/布置/批改/反馈；音频/录音/听力；答题,无法录音,/,客户反馈明天再试下（未再回复）,2026-01-10,宁波新财富,,,,65
fb-approval-0057,建议入库,,student,学生库,学生,使用问题,不处理,作业/布置/批改/反馈；音频/录音/听力；结果页,辛苦看一下为什么,repeat题录音在结果页不显示,老师，您可以先让学生使用 Chrome 浏览器重新进入，并刷新页面或清理缓存。如果音频超过 15 秒仍未加载，可按页面提示下载音频本地播放；仍不行的话，再提供学生账号、测试链接和截图转人工排查。,2026-03-13,秒懂,,,,65
fb-approval-0058,建议入库,,student,学生库,学生,使用问题,不处理,账号登录/密码/手机号；浏览器/网络/缓存；登录,老师你好，这位学生谷歌浏览器无法下载，然后自带浏览器一直有弹窗，这个怎么解决呀,谷歌浏览器无法下载,百度搜索可以搜到安装包进行安装,2026-04-21,新航道上海,,,,65
fb-approval-0059,建议入库,,student,学生库,学生,使用问题,已处理,作业/布置/批改/反馈；浏览器/网络/缓存；基础训练-单词,老师 我给学生布置了中译英的单词作业 我和学生打开作业右边这一栏没有办法填写英文 换了浏览器也不行,单词作业显示不完整,老师，您可以先确认作业是否已经成功布置、学生是否在对应班级内，以及作业状态是否已提交/已完成；如果状态正常但仍看不到，再提供学生账号和作业链接转人工排查。,2026-06-08,谨福教育,,,,64
fb-approval-0060,建议入库,,student,学生库,学生,使用问题,不处理,作业/布置/批改/反馈；浏览器/网络/缓存；答题,那麦克风识别不了我的声音是电脑的问题还是浏览器什么的呢？需要怎么设置呢？我明明当时允许打开了但还是听不到我的声音,秒懂反馈华为电脑不能安装谷歌浏览器，要给一个其他方案看下,百度搜索可以搜到安装包进行安装,2026-04-22,秒懂,,,,64
fb-approval-0061,建议入库,,student,学生库,学生,使用问题,不处理,账号登录/密码/手机号；权限/角色/公池；题库/录题/单词书/模考；开放题库,老师您好，我们给学生开通题库权限，但是学生那里看不到题目是怎么回事,开放题库后学生端看不到,老师，题库类作业需要学生账号是 VIP 才能完成。如果学生不是 VIP，学生端可能看不到或无法进入作业，需要先确认学生账号权限。,2026-02-23,超级学长,,,,63
fb-approval-0062,建议入库,,student,学生库,学生,使用问题,不处理,音频/录音/听力；浏览器/网络/缓存；答题,老师好 这个听力音频一直卡顿是什么原因呢,老托福音频无法播放,老师，您可以先让学生使用 Chrome 浏览器重新进入，并刷新页面或清理缓存。如果音频超过 15 秒仍未加载，可按页面提示下载音频本地播放；仍不行的话，再提供学生账号、测试链接和截图转人工排查。,2026-01-12,北京睿途,,,,63
fb-approval-0063,建议入库,,teacher,老师库,老师,使用问题,不处理,作业/布置/批改/反馈；权限/角色/公池；作业管理页面,只能到我布置才能查看，这是为什么呀,批改老师看不到学生作业,老师，您可以先检查三点：学生是否在对应班级里、作业布置对象是否包含该学生、学生账号是否有做题权限。确认后让学生端刷新或重新登录再看。,2026-03-30,随心考,,,,62
fb-approval-0064,建议入库,,academic,教务库,教务,使用问题,已处理,浏览器/网络/缓存；班级/排课/课时/考勤；课表,老师这个用的就是谷歌浏览器 还是不行,课表导出乱码,优化了一下多行显示，已经更新,2026-04-04,发凡,,,,61
fb-approval-0065,建议入库,,student,学生库,学生,使用问题,不处理,音频/录音/听力；权限/角色/公池；答题,老师们，学生测试之前检查都是没有问题，都有声音，怎么来时口语测试就没有声音了,麦克风权限打开了但是还是无法录音,老师，您可以先让学生使用 Chrome 浏览器重新进入，并刷新页面或清理缓存。如果音频超过 15 秒仍未加载，可按页面提示下载音频本地播放；仍不行的话，再提供学生账号、测试链接和截图转人工排查。,2026-04-23,新航道武汉,,,,61
fb-approval-0066,建议入库,,teacher,老师库,老师,使用问题,已处理,作业/布置/批改/反馈；其他,比如说，我这里有一个学生叫艾瑞克曼，我布置了159个作业，但是一个记录都没有,系统内部分数据丢失,因为查询效率原因，把作业量过大的老师，比较老的数据过滤了,2026-03-06,林老师,,,,46
fb-approval-0067,建议入库,,academic,教务库,教务,使用问题,已处理,账号登录/密码/手机号；小程序/公众号/二维码；公众号通知,教务账号还是收不到这个通知,教务账号收不到公众号通知,这个是因为腾讯修改了参数定义导致，这个在今晚1.23会处理更新,2026-01-22,享学,,,,44
fb-approval-0068,建议入库,,student,学生库,学生,使用问题,未复现,账号登录/密码/手机号；登录,国外的学生，出现这种情况是要挂VPN嘛,学生打开系统网页后出现安全提示,从学生页面看着像安全设置的问题，需要确认,2026-06-09,秒懂,,,,44
fb-approval-0069,建议入库,,student,学生库,学生,使用问题,未复现,账号登录/密码/手机号；登录,老师多个学生反应 网站登录不上去 点进去就跳开,无法登录,在Windows端和mac端都用机构提供的账号试过，包括测试用的xiao2也试过，未出现相同情况,2026-01-05,独课,,,,44
fb-approval-0070,建议入库,,student,学生库,学生,操作疑问,已处理,账号登录/密码/手机号；题库/录题/单词书/模考；答题,你好，那个系统学生做托福全套模考，中间退出去以后，再回去又从头开始了，之前都不会的，这是为什么呢,从描述看应该是口语之前退出的，所以需要点一下,没找到要重新做的原因，等老师提供账号再看下,2026-05-27,NCLB,,,,44
fb-approval-0071,建议入库,,teacher,老师库,老师,使用问题,已处理,账号登录/密码/手机号；客户端,老师们，今天突然无法登录了，这个是什么原因哈,客户端又卡在首页了,原因是上一次解决问题后没有更新国外服务器的代码，所以访问国外服务器的就会有这个问题,2026-06-02,承读教育,,,,44
fb-approval-0072,建议入库,,teacher,老师库,老师,使用问题,已处理,账号登录/密码/手机号；客户端,登录状态已失效，请重新登录,老师已经可以正常登录，但是需要找下问题原因,几个客户端问题是一样的，其他在要账号进一步排查,2026-05-28,杰璞教育,,,,44
fb-approval-0073,建议入库,,teacher,老师库,老师,使用问题,已处理,账号登录/密码/手机号；客户端,客户端让重新登录但是不跳转哦,客户端卡在首页，提示登录状态失效，无法进行下一步,现在解决未点击确认跳转到登录页重新登录，后续还会处理一次登录token的问题，不影响使用,2026-05-28,秒懂,,,,44
fb-approval-0074,建议入库,,teacher,老师库,老师,使用问题,已处理,账号登录/密码/手机号；客户端,桌面版登录，总出现这个， 点确定之后还是出现这个,客户端卡在首页，提示登录状态失效，无法进行下一步,现在解决未点击确认跳转到登录页重新登录，后续还会处理一次登录token的问题，不影响使用,2026-05-28,格橡树,,,,44
fb-approval-0075,建议入库,,teacher,老师库,老师,使用问题,不处理,账号登录/密码/手机号；结果页,学生错了2题，给的是满分30分，欧标也是6分。这个情况在新托福里出现的有点频繁好像,新托福结果页分数计算问题,这个后台查到是因为下午14:14分“飞虎老师”账号修改了分数为30分的,2026-01-04,飞虎,,,,44
fb-approval-0076,建议入库,,teacher,老师库,老师,使用问题,不处理,账号登录/密码/手机号；题库/录题/单词书/模考；机构题库,咱们这个试卷赋分规则怎么使用,机构题库提示原始满分不匹配:语法,登录了相应账号查看相应题目，未出现相同情况,2026-04-21,睿臻,,,,44
fb-approval-0077,建议入库,,student,学生库,学生,使用问题,客户未回复,作业/布置/批改/反馈；AI助教,ai助教还是不能用哦,反馈AI助教无法使用,这个问题技术判断是AI模型的问题，目前处理是加了日志，等下次有问题后再查日志进行处理,2026-05-13,秒懂,,,,43
fb-approval-0078,建议入库,,student,学生库,学生,使用问题,已处理,作业/布置/批改/反馈；基础训练-单词,我多次布置的sat单词，一直没问题，只有今天的单词，没有背诵，点进去直接是测试,今天下发的多次单词作业没有学习模式了,老师，您可以先确认作业是否已经成功布置、学生是否在对应班级内，以及作业状态是否已提交/已完成；如果状态正常但仍看不到，再提供学生账号和作业链接转人工排查。,2026-05-21,throughout,,,,43
fb-approval-0079,建议入库,,student,学生库,学生,使用问题,已处理,作业/布置/批改/反馈；基础训练-单词,多名学生反馈之前多次下发的词汇，今天都没有学习模式，打开直接是作答模式了，辛苦确认一下🌹,今天下发的多次单词作业没有学习模式了,老师，您可以先确认作业是否已经成功布置、学生是否在对应班级内，以及作业状态是否已提交/已完成；如果状态正常但仍看不到，再提供学生账号和作业链接转人工排查。,2026-05-21,杭州青澜,,,,43
fb-approval-0080,建议入库,,student,学生库,学生,使用问题,未复现,作业/布置/批改/反馈；基础训练-单词,学生单词词测点进去就是从12个开始的，前面11个都没出现。辛苦看下这是什么问题,单词测试没有从第1个开始,老师，您可以先检查三点：学生是否在对应班级里、作业布置对象是否包含该学生、学生账号是否有做题权限。确认后让学生端刷新或重新登录再看。,2026-05-12,飞虎,,,,43
fb-approval-0081,建议入库,,student,学生库,学生,使用问题,不处理,作业/布置/批改/反馈；答题,写作这个题的这个框和按钮是什么意思呀,反馈不能剪切粘贴,官方考试是不能复制粘贴写作题干的，只能复制粘贴学生自己写作的内容,2026-06-10,秒懂,,,,43
fb-approval-0082,建议入库,,student,学生库,学生,使用问题,未复现,作业/布置/批改/反馈；答题,这个是为啥呀,作业无法提交,老师，您可以先确认作业是否已经成功布置、学生是否在对应班级内，以及作业状态是否已提交/已完成；如果状态正常但仍看不到，再提供学生账号和作业链接转人工排查。,2026-05-05,秒懂,,,,43
fb-approval-0083,建议入库,,student,学生库,学生,使用问题,已处理,作业/布置/批改/反馈；答题,今晚是大面积学生做完了作业无法提交，麻烦尽快确认一下什么问题吧,学生无法提交作业（多个学生，但是目前只有秒懂反馈）,老师，您可以先确认作业是否已经成功布置、学生是否在对应班级内，以及作业状态是否已提交/已完成；如果状态正常但仍看不到，再提供学生账号和作业链接转人工排查。,2026-04-13,秒懂,,,,43
fb-approval-0084,建议入库,,student,学生库,学生,使用问题,不处理,作业/布置/批改/反馈；答题,我们做口语作业的时候，是可以用这个麦的，能识别出来，就是跟读好像不行，所以不知道是不是麦的问题,跟读作业无法识别,老师，您可以先确认作业是否已经成功布置、学生是否在对应班级内，以及作业状态是否已提交/已完成；如果状态正常但仍看不到，再提供学生账号和作业链接转人工排查。,2026-01-07,秒懂,,,,43
fb-approval-0085,建议入库,,student,学生库,学生,使用问题,已处理,作业/布置/批改/反馈；结果页,学生反馈：发现很多名词一旦是复数，就无法识别和翻译了，这里想查wrestling也不可以,单词无法查询,是之前加的防止扒数据做的限制，现在有这种限制的单词目前无法翻译，现在已经将这类单词翻译放出来了,2026-01-07,秒懂,,,,43
fb-approval-0086,建议入库,,student,学生库,学生,使用问题,不处理,作业/布置/批改/反馈；错题分析,老师好，我在今天2026年4月4日晚上20：53前后给学生 曾雪伦，下发了语境填词的错题，让她重新练习，但是她页面一道题也不显示，请问是怎么回事？,学生没有收到错题作业,老师，您可以先确认作业是否已经成功布置、学生是否在对应班级内，以及作业状态是否已提交/已完成；如果状态正常但仍看不到，再提供学生账号和作业链接转人工排查。,2026-04-04,新航道北京,,,,43
fb-approval-0087,建议入库,,student,学生库,学生,使用问题,,作业/布置/批改/反馈；题库/录题/单词书/模考；单词书,最新的单词没有读音,反馈单词没有发音,没有音标的单词，目前没有显示发音按钮，今天会处理,2026-06-10,广州花笙,,,,43
fb-approval-0088,建议入库,,student,学生库,学生,使用问题,不处理,作业/布置/批改/反馈；题库/录题/单词书/模考；答题,老师还有这个题型训练没有选限制时间进去依旧到时间就停止了，麻烦看一下怎么设置,题型训练没有设置倒计时的情况下，倒计时会归零,这里的作业查到布置的是模考，不是题型训练,2026-05-03,北京蘑菇,,,,43
fb-approval-0089,建议入库,,student,学生库,学生,使用问题,已处理,作业/布置/批改/反馈；题库/录题/单词书/模考；答题,您好 辛苦帮我们看一下这个练习 横线数量对不上哦,基础训练横线数量不对,技术反馈单词中间不是常规的空格，后台录题在处理中,2026-04-14,杭州青澜,,,,43
fb-approval-0090,建议入库,,student,学生库,学生,使用问题,不处理,作业/布置/批改/反馈；题库/录题/单词书/模考；答题,你好，我这边布置的是英译英，学生测试的时候显示的是中文，可以看一下是什么问题吗[玫瑰],英译英显示了中文,因为这本单词书录入的时候，英文释义处录入的就是中文，所以英译英才会显示的是中文,2026-01-24,守壹私塾,,,,43
fb-approval-0091,建议入库,,student,学生库,学生,使用问题,不处理,作业/布置/批改/反馈；题库/录题/单词书/模考；答题,"你好，这个单词分数又显示不出来了，麻烦空的时候看看,谢谢",学生无法交卷,因为之前上传的单词过长导致校验失败导致的，这个单词应该是之前上传的，后面有一次修改加了上传的限制的，这个处理只有让老师那边把单词书单词修改为正常的单词重新布置作业了,2026-01-12,亿希教育,,,,43
fb-approval-0092,建议入库,,teacher,老师库,老师,使用问题,已处理,作业/布置/批改/反馈；AI批改,这个批改的正确率只有10%，可以让技术看下嘛,精听听译作业反馈评分过低,老师，您可以先确认作业是否已经成功布置、学生是否在对应班级内，以及作业状态是否已提交/已完成；如果状态正常但仍看不到，再提供学生账号和作业链接转人工排查。,2026-06-05,乐普思,,,,43
fb-approval-0093,建议入库,,teacher,老师库,老师,使用问题,不处理,作业/布置/批改/反馈；AI批改,请问系统里邮件写作的ai评分3.5是怎么出来的？下拉选项里都没有3.5 但ai的评分功能会自动生成3.5的分数 这时如果我想要人工修改也只能在下拉选项里选 没有办法还原它原本的3.5评分,AI批改给出的分数不对,作业是11号提交的，分数更新是在这之后改的，需要重新批改,2026-05-28,超级学长,,,,43
fb-approval-0094,建议入库,,teacher,老师库,老师,使用问题,不处理,作业/布置/批改/反馈；AI批改,请问咱们的写作、口语AI批改，更新后现在变慢很多的，一个part都要2分钟，而且要一个一个批改呢,AI批改速度慢（雅思/托福）,回复了客户那边，需要进一步确认在布置的时候有没有勾选AI批改,2026-02-11,广州三立,,,,43
fb-approval-0095,建议入库,,teacher,老师库,老师,使用问题,不处理,作业/布置/批改/反馈；AI批改,目前会有自动评语，我们可以编辑这个评语或者覆盖评语吗？,人工批改被AI批改覆盖,ai批改还未结束的时候老师添加了人工批改，所以在ai批改后被覆盖了,2026-02-03,壹思唯,,,,43
fb-approval-0096,建议入库,,teacher,老师库,老师,使用问题,不处理,作业/布置/批改/反馈；作业管理页面,老师，有学生家长说学生在家完成了作业，但是没有显示,需要看下学生有没有做过作业（不排除做的是词汇量测试的可能）,老师，您可以先确认作业是否已经成功布置、学生是否在对应班级内，以及作业状态是否已提交/已完成；如果状态正常但仍看不到，再提供学生账号和作业链接转人工排查。,2026-05-25,飞虎,,,,43
fb-approval-0097,建议入库,,teacher,老师库,老师,使用问题,不处理,作业/布置/批改/反馈；作业管理页面,你好，请问，学生作业的完成状态有“已逾期”、“已完成”、“已查阅”、“已批改” “已逾期”是指学生超时未完成？还是老师超时未批改？ “已完成”、“已查阅”是指老师没有批改作业吗？ 这个作业显示的是【已完成】，但是点开查看详情之后显示【已批改】，是什么原因呢？,作业状态显示问题,老师，您可以先确认作业是否已经成功布置、学生是否在对应班级内，以及作业状态是否已提交/已完成；如果状态正常但仍看不到，再提供学生账号和作业链接转人工排查。,2026-02-13,享学,,,,43
fb-approval-0098,建议入库,,teacher,老师库,老师,使用问题,不处理,作业/布置/批改/反馈；学习报告,你们学习报告的完成率140是怎么算出来的奥,反馈学习报告作业完成率超过100,老师，您可以先确认作业是否已经成功布置、学生是否在对应班级内，以及作业状态是否已提交/已完成；如果状态正常但仍看不到，再提供学生账号和作业链接转人工排查。,2026-06-09,秒懂,,,,43
fb-approval-0099,建议入库,,teacher,老师库,老师,使用问题,不处理,作业/布置/批改/反馈；小程序/公众号/二维码；公众号通知,老师早上好！有老师说手机没有收到系统这节课的提示，是现在系统提醒有变动吗？谢谢,未收到公众号提醒,公众号技术反馈是发送了的。如果老师说的是短信，是关闭了的,2026-03-07,深圳英卓,,,,43
fb-approval-0100,建议入库,,teacher,老师库,老师,使用问题,不处理,作业/布置/批改/反馈；小程序/公众号/二维码；公众号通知,校校 绑定公众号 这个之前老师绑过， 在校校对接我们自己服务号后，是需要再重新绑定一次才能接到通知的吧？,公众号重新嫁接后，需要重新绑定,看着像是老师自己没弄明白，处理后暂时没有再反馈了,2026-01-19,享学,,,,43
fb-approval-0101,建议入库,,teacher,老师库,老师,使用问题,不处理,作业/布置/批改/反馈；布置作业页面,请问一下给学生布置全套题时取消了倒计时，为什么时间到了还是会自动提交啊,雅思倒计时取消无效,通过录屏，是在倒计时还有3秒的时候自己点的完成,2026-05-28,彬果留学,,,,43
fb-approval-0102,建议入库,,teacher,老师库,老师,使用问题,不处理,作业/布置/批改/反馈；布置作业页面,Build a Sentence部分， 如果同时布置三篇给学生， 这个连在一起做，只给一套的时间做题， 这个能否帮忙分开一下？,造句题的时间不对（不论布置几套都是相同的倒计时,这里的倒计时是10道题6分50秒，到下一个部分时，倒计时会回到6分50秒的倒计时开始走,2026-05-16,英廷,,,,43
fb-approval-0103,建议入库,,teacher,老师库,老师,使用问题,未复现,作业/布置/批改/反馈；布置作业页面,老师，这个布置过的还是没有显示已布置,作业不显示布置记录,老师，您可以先确认作业是否已经成功布置、学生是否在对应班级内，以及作业状态是否已提交/已完成；如果状态正常但仍看不到，再提供学生账号和作业链接转人工排查。,2026-03-22,至真国际,,,,43
fb-approval-0104,建议入库,,teacher,老师库,老师,使用问题,已处理,作业/布置/批改/反馈；布置作业页面,老师 您看 还是没有显示已布置的作业,布置作业记录还是不显示（GRE）,老师，您可以先确认作业是否已经成功布置、学生是否在对应班级内，以及作业状态是否已提交/已完成；如果状态正常但仍看不到，再提供学生账号和作业链接转人工排查。,2026-03-12,超级学长上海,,,,43
fb-approval-0105,建议入库,,teacher,老师库,老师,使用问题,已处理,作业/布置/批改/反馈；布置作业页面,一个是现在我们在题型训练中布置好题目之后，显示不出“已布置”的字样,雅思作业布置记录没有显示,老师，您可以先确认作业是否已经成功布置、学生是否在对应班级内，以及作业状态是否已提交/已完成；如果状态正常但仍看不到，再提供学生账号和作业链接转人工排查。,2026-03-12,硕果国际,,,,43
fb-approval-0106,建议入库,,teacher,老师库,老师,使用问题,已处理,作业/布置/批改/反馈；布置作业页面,你好，请问老师端在哪里可以布置听写的作业？我的界面和“帮助中心”给的不一样,布置作业界面不显示基础训练等标签,老师，您可以先确认作业是否已经成功布置、学生是否在对应班级内，以及作业状态是否已提交/已完成；如果状态正常但仍看不到，再提供学生账号和作业链接转人工排查。,2026-01-23,蚌课堂,,,,43
fb-approval-0107,建议入库,,teacher,老师库,老师,使用问题,不处理,作业/布置/批改/反馈；结果页,请问这个我再系统评分之后为什么这个分数没有跟着改变呀？,单篇作文分数修改后，总分没有发生变化,如果修改了作业结果写作分数，再修改写作单题分数，总分不会改变,2026-06-06,美世教育,,,,43
fb-approval-0108,建议入库,,teacher,老师库,老师,使用问题,已处理,作业/布置/批改/反馈；结果页,各位老师早上好，我连续布置了两套repeat题，但是批改的时候只能看到其中一份7道repeat题，第二份被吞掉了无法查看,老师反馈布置的作业没有布置出去,老师，您可以先确认作业是否已经成功布置、学生是否在对应班级内，以及作业状态是否已提交/已完成；如果状态正常但仍看不到，再提供学生账号和作业链接转人工排查。,2026-05-28,东西方,,,,43
fb-approval-0109,建议入库,,teacher,老师库,老师,使用问题,不处理,作业/布置/批改/反馈；结果页,这个口语评分也很不正常，这是随机抽的一套题目,口语分数不准确,技术反馈是更新之前批改的，因为之前只显示了一个总分，所以每个小题的分是没有处理四舍五入的，只有在算总分的时候才四舍五入了,2026-05-22,秒懂,,,,43
fb-approval-0110,建议入库,,teacher,老师库,老师,使用问题,不处理,作业/布置/批改/反馈；结果页,你好，学生反馈说这份单词都写了的，但是有些现实的是空白，辛苦看一下哦,学生说填写了单词但是显示空白,这套作业只有26次提交记录，剩余未答题目是没有提交记录的,2026-04-25,杭州青澜,,,,43
fb-approval-0111,建议入库,,teacher,老师库,老师,使用问题,已处理,作业/布置/批改/反馈；结果页,老师好，学生做好了，但是我这边点击不了答题解析 生成报告,结果页点击没有反应,技术反馈是因为更新问题，更新的时候少更新了一个文件,2026-04-14,新航道上海,,,,43
fb-approval-0112,建议入库,,teacher,老师库,老师,使用问题,已处理,作业/布置/批改/反馈；结果页,这个进度条的问题，还是没有改进诶，实际视频时长有一个多小时，进度条显示只有10分钟,实际视频时间和结果页上显示的不一致,技术反馈是超过一个小时的视频没有显示前边的小时,2026-04-14,秒懂,,,,43
fb-approval-0113,建议入库,,teacher,老师库,老师,使用问题,不处理,作业/布置/批改/反馈；结果页,你好学生这篇练习自己端口显示正确率75%，老师端口显示是59%,学生端和老师端显示的正确率不一样,因为学生给您截图的时候，听译部分还没有批改出来，您在老师端看的时候听译批改出来了，所以会显示不一样，现在查到老师端和学生端显示的是一致的,2026-01-27,独课,,,,43
fb-approval-0114,建议入库,,teacher,老师库,老师,使用问题,未复现,作业/布置/批改/反馈；结果页,老师好！新托福模测的口语AI批改，口语第一部分批改完，显示口语分是13/30，怎么第二部分批改完，没有加分呢，还是显示总分13/30?是不是有问题？,AI批改分数问题,问题已经确认是口语第二题的分数未计算在内，相同情况在测试服和正式服都未复现，具体原因没找到，目前只能手动先将分数修改了，后面再看是否有相同情况出现,2026-01-26,亨瑞留学,,,,43
fb-approval-0115,建议入库,,teacher,老师库,老师,使用问题,不处理,作业/布置/批改/反馈；错词分析,学生是因为做 音译中 错的，想要复习练习的时候，只能进行“中译英”，是不是不太合适？,错词本没有按照布置时候的测试形式下发错词,等老师提供 作业链接，随意找了一份学生的错词作业，技术反馈错词是按照学生答错形式下发给学生的,2026-04-12,Capstone,,,,43
fb-approval-0116,建议入库,,teacher,老师库,老师,使用问题,不处理,作业/布置/批改/反馈；题库/录题/单词书/模考；入学模考,我们这个考试系统里录了50题,从描述看可能是修改过机构题库配置，没有二次推送导致的，需要确认下,技术反馈是因为在已经推送至入学模考之后，后来又给试卷增加了10道题 目前可以先取消推送，再重新推送一次,2026-05-24,睿臻,,,,43
fb-approval-0117,建议入库,,teacher,老师库,老师,使用问题,,作业/布置/批改/反馈；题库/录题/单词书/模考；单词书,老师，上传的单词书都是词组，上传后显示信息不全，不能布置诶,单词书上传后要匹配30分钟左右,这个AI还在跑，需要跑完之后才可以显示出来,2026-06-10,Keystone,,,,43
fb-approval-0118,建议入库,,teacher,老师库,老师,使用问题,已处理,作业/布置/批改/反馈；题库/录题/单词书/模考；小程序/公众号/二维码；机构题库,老师 请问为什么现在校校系统后台编辑试卷点不进去呀?而且批改试卷之后也无法生成二维码了,机构题库无法编辑,技术反馈是因为更新问题，更新的时候少更新了一个文件,2026-04-14,新航道武汉,,,,43
fb-approval-0119,建议入库,,teacher,老师库,老师,使用问题,不处理,作业/布置/批改/反馈；题库/录题/单词书/模考；答题录屏,校校您好，这位学生是在家完成的模考测试，写作部分看到他点进去刚开始没有显示时间，后面就显示19：03分，请问18：56-18：57这段时间看录屏都没显示，是怎么回事呢,有段时间录屏里没有显示,从01:23能看出来学生是重新进入作业了，所以没有19：03之前几分钟的录屏是正常的,2026-04-07,曼哈顿国际,,,,43
fb-approval-0120,建议入库,,teacher,老师库,老师,使用问题,已处理,作业/布置/批改/反馈；题库/录题/单词书/模考；题库,题库这个界面怎么点不了了,题库界面点击没有反应,技术反馈是因为更新问题，更新的时候少更新了一个文件,2026-04-14,北京至简,,,,43
fb-approval-0121,建议入库,,teacher,老师库,老师,使用问题,已处理,作业/布置/批改/反馈；题库/录题/单词书/模考；题库,老师，校校系统现在每道题的内容都是一样的，也没有显示答案，,题库界面点击没有反应,技术反馈是因为更新问题，更新的时候少更新了一个文件,2026-04-14,新航道杭州,,,,43
fb-approval-0122,建议入库,,student,学生库,学生,使用问题,不处理,音频/录音/听力；答题,录不到。有影响吗,口语无法录音,老师，您可以先让学生使用 Chrome 浏览器重新进入，并刷新页面或清理缓存。如果音频超过 15 秒仍未加载，可按页面提示下载音频本地播放；仍不行的话，再提供学生账号、测试链接和截图转人工排查。,2026-05-30,蔚来教育,,,,42
fb-approval-0123,建议入库,,student,学生库,学生,使用问题,不处理,音频/录音/听力；答题,请问下我这边如果要正常使用校校网站上的所有功能 哪些网站是不能屏蔽的,设置黑名单以后无法加载音频,老师，您可以先让学生使用 Chrome 浏览器重新进入，并刷新页面或清理缓存。如果音频超过 15 秒仍未加载，可按页面提示下载音频本地播放；仍不行的话，再提供学生账号、测试链接和截图转人工排查。,2026-02-10,Capstone,,,,42
fb-approval-0124,建议入库,,student,学生库,学生,使用问题,不处理,音频/录音/听力；答题,国外的同学题目加载巨慢可以怎么解决呀,海外学生加载缓慢,等老师回复 1，VPN的节点选的是哪个区域的 2，打开VPN的情况下，能不能访问国内其他网站,2026-01-27,秒懂,,,,42
fb-approval-0125,建议入库,,student,学生库,学生,使用问题,未复现,音频/录音/听力；答题,阅读部分只有M2 没有M1；M2没有邮件阅读 听力部分第一个单词听不到 影响答题 写作部分没有问题 口语部分repeat the sentence 音频开头不完整,repeat题录不到前2s,未复现相同情况，等修改的一个答题相关bug更上之后再看会不会出现这个情况,2026-01-22,寄托,,,,42
fb-approval-0126,建议入库,,student,学生库,学生,使用问题,未复现,音频/录音/听力；题库/录题/单词书/模考；答题,老师 学生做模考前的测试遇到这种情况是什么原因呀,无法录音,老师，您可以先让学生使用 Chrome 浏览器重新进入，并刷新页面或清理缓存。如果音频超过 15 秒仍未加载，可按页面提示下载音频本地播放；仍不行的话，再提供学生账号、测试链接和截图转人工排查。,2026-02-12,新航道杭州,,,,42
fb-approval-0127,建议入库,,student,学生库,学生,使用问题,已处理,音频/录音/听力；题库/录题/单词书/模考；答题,老师，学生模考一直出现卡顿情况，会出现跳题和听力没有音频直接给题目，辛苦您这边看一下,答题过程卡顿、跳题,这个问题之前已经处理，计划的就是今晚2.7更新，更新后再看是否会出现,2026-02-06,维他,,,,42
fb-approval-0128,建议入库,,student,学生库,学生,使用问题,未复现,音频/录音/听力；题库/录题/单词书/模考；答题,"请问近期雅思模考口语中的part3录音有点问题, 好几个学生part3的回答都没有录进去；辛苦查看一下是什么问题",学生口语无法录音（前2个part可以正常录音，part3不行）,老师，您可以先让学生使用 Chrome 浏览器重新进入，并刷新页面或清理缓存。如果音频超过 15 秒仍未加载，可按页面提示下载音频本地播放；仍不行的话，再提供学生账号、测试链接和截图转人工排查。,2026-02-06,美世教育,,,,42
fb-approval-0129,建议入库,,teacher,老师库,老师,使用问题,已处理,音频/录音/听力；答题录屏,老师，请问为什么有学生的答题录屏可以查看，有的一直加载不出来呢,答题录屏显示有数据，但是加载不出来,【已回复客户】问题先pending，后面再出问题后再看。 生成的录屏文件有问题，看录屏好像是学生电脑上有安装插件导致的。做的处理是把有问题的文件跳过了，后边的就可以播放了,2026-01-13,新航道武汉,,,,42
fb-approval-0130,建议入库,,teacher,老师库,老师,使用问题,已处理,音频/录音/听力；结果页,这里的音频是都不能下载么,新托福repeat题可以下载音频，但是无法下载,老师，您可以先让学生使用 Chrome 浏览器重新进入，并刷新页面或清理缓存。如果音频超过 15 秒仍未加载，可按页面提示下载音频本地播放；仍不行的话，再提供学生账号、测试链接和截图转人工排查。,2026-01-22,博思,,,,42
fb-approval-0131,建议入库,,teacher,老师库,老师,使用问题,已处理,音频/录音/听力；题库/录题/单词书/模考；单词书,英文释义与中文和例句不匹配 中文意思缺少 听力场景词汇讲座篇801-1000,单词书匹配问题,这个是李璐给机构录入的，已经单独给机构把单词处理了,2026-02-04,维他,,,,42
fb-approval-0132,建议入库,,teacher,老师库,老师,使用问题,未复现,音频/录音/听力；题库/录题/单词书/模考；机构题库,上传也出现问题了 第一次出现 就是100%之后 不显示,音频上传后不显示,老师，您可以先让学生使用 Chrome 浏览器重新进入，并刷新页面或清理缓存。如果音频超过 15 秒仍未加载，可按页面提示下载音频本地播放；仍不行的话，再提供学生账号、测试链接和截图转人工排查。,2026-01-07,鸭圈,,,,42
fb-approval-0133,建议入库,,teacher,老师库,老师,使用问题,已处理,音频/录音/听力；题库/录题/单词书/模考；机构题库,这一套测试卷为啥学生做的时候 没有 听力啊,机构题库推送到入学模考，没有显示听力题,老师，您可以先让学生使用 Chrome 浏览器重新进入，并刷新页面或清理缓存。如果音频超过 15 秒仍未加载，可按页面提示下载音频本地播放；仍不行的话，再提供学生账号、测试链接和截图转人工排查。,2026-01-07,择藤教育,,,,42
fb-approval-0134,建议入库,,student,学生库,学生,使用问题,不处理,浏览器/网络/缓存；答题,学生点了还给消了,从录屏看没有作答这道题，需要看下有没有可能是网络原因导致的,从录屏上就是没选，没有提示网络不好的情况,2026-04-22,秒懂,,,,41
fb-approval-0135,建议入库,,student,学生库,学生,使用问题,已处理,浏览器/网络/缓存；答题,你好，还是上次问同一个问题的那个学生，用的是Chrome浏览器，反应有卡顿现象，麻烦查看一下,新托福拖动题卡顿,上次处理【新托福无法拖拽】的问题没有更新上,2026-03-12,北外,,,,41
fb-approval-0136,建议入库,,student,学生库,学生,使用问题,不处理,浏览器/网络/缓存；答题,2️⃣：限时到了以后，系统并没有自己跳到下一题，在这一情况下，学生点击了next以后，会导致下一题也被跳过。,点击next会连续跳过两道题,老师，这类情况通常和浏览器兼容性有关，建议学生优先使用 Chrome 浏览器重新进入；如果仍异常，再清理缓存、更换网络后重试。,2026-02-28,Capstone,,,,41
fb-approval-0137,建议入库,,student,学生库,学生,使用问题,未复现,浏览器/网络/缓存；结果页,想问一下为什么这个练习的参考答案 学生端和我的界面显示的答案会不一致呢 学生端有好几个答案都是错的,结果页答案显示和实际不一致,看视频是切换题目后，参考答案没有更新，这边用了相同设备和相同浏览器没有复现,2026-04-07,秒懂,,,,41
fb-approval-0138,建议入库,,student,学生库,学生,使用问题,不处理,浏览器/网络/缓存；结果页,按照建议弄了，但是还是没有出来,结果页不显示答案,技术后台也查了下，确实没有收到读写部分的答题数据，提示网络失败情况下没有保存下作答的答案,2026-03-22,名师汇,,,,41
fb-approval-0139,建议入库,,student,学生库,学生,使用问题,不处理,浏览器/网络/缓存；题库/录题/单词书/模考；答题,这个同学的口语题库练习每次到part2就卡住不动了，没办法进行part3的练习，用的谷歌浏览器，在国内,雅思口语卡顿，无法进行下一步,学生用的是Linux系统，这个没有做适配，让使用windows系统或者macos系统作答，也可以使用安卓或者apple的平板电脑作答,2026-05-28,秒懂,,,,41
fb-approval-0140,建议入库,,teacher,老师库,老师,使用问题,不处理,浏览器/网络/缓存；答题录屏,我看了下录屏，大小作文都是突然之间就清空了,答题录屏问题,刷新页面后，清空了填写的内容，这个提需求修改,2026-04-17,百获教育,,,,41
fb-approval-0141,建议入库,,teacher,老师库,老师,使用问题,已处理,浏览器/网络/缓存；题库/录题/单词书/模考；机构题库,你们这个点击了保存试卷以后。。。按钮一直在转圈。。刷新网页就发现根本没保存。。,机构题库无法提交,这个问题从代码上是报了一个写作填空题有空答案上传报错的问题，但是从客户题目上看并没有这种题目，现在是先处理了下报错的情况，目前可以进行保存了，个人认为问题根本原因是没找到的，还要再观察是否还会有出现问题,2026-01-25,源锐教育,,,,41
fb-approval-0142,建议入库,,teacher,老师库,老师,使用问题,不处理,浏览器/网络/缓存；题库/录题/单词书/模考；结果页,还有个问题，托福口语模考，一共两道题。但是我改第一道题的分数，第二道题的分数就会跟着变，变成和第一套题一样的分数。改第二道题的分数，第一道题的分数也会变得一样。这个不对的吧？,老师修改repeat题分数会导致interview分数也发生变化,这个问题之前是处理并更新过的，先让老师清理缓存后再看下,2026-04-08,新航道武汉,,,,41
fb-approval-0143,建议入库,,academic,教务库,教务,使用问题,未复现,班级/排课/课时/考勤；班级学生,搜不到现在的新班 事实上 我刚刚已经报名了新班的剩余24小时,转班界面搜索不到班级,老师，您可以先检查班级课时、学生所在班级和转入班级配置是否完整；如果提示无剩余课时，通常需要先确认目标班级是否设置了总课时。,2026-03-14,开璞教育,,,,40
fb-approval-0144,建议入库,,academic,教务库,教务,使用问题,不处理,班级/排课/课时/考勤；考勤,老师，我们今天发现有部分请过假的或者半路停课的班课学生的考勤情况，整个月的或者半个月的考勤由“已出勤”变回了”未出勤“，是不是有什么操作会影响到本来的考勤情况呢？,考勤情况自动变化了,后台查到的考勤记录显示是老师自己修改成未出勤的,2026-01-08,中山莱斯,,,,40
fb-approval-0145,建议入库,,academic,教务库,教务,使用问题,不处理,班级/排课/课时/考勤；课时,老师，这个1.99小时，要怎么给他充0.01小时呢,不确定是不是精度问题,这个学生总购买课时是141.66，截至发出来的时候的课消8380分钟（也就是139.666666。。，这里做了四舍五入下来就是139.67），所以那里会显示剩余课时141.66-139.67=1.99,2026-04-18,中山莱斯,,,,40
fb-approval-0146,建议入库,,academic,教务库,教务,使用问题,不处理,班级/排课/课时/考勤；课消统计,老师好，学生课表里有赠课排课的4小时课程。但是为什么 学生课消里没有这4小时的课程，但是学生的费用又多扣了2356元,课时课消对不上,老师，您可以先检查班级课时、学生所在班级和转入班级配置是否完整；如果提示无剩余课时，通常需要先确认目标班级是否设置了总课时。,2026-02-03,智成教育,,,,40
fb-approval-0147,建议入库,,academic,教务库,教务,使用问题,不处理,班级/排课/课时/考勤；课表,老师 这个更新完为什么学生课表串了,搜索出来的班级，和课表显示的不一样,老师，您可以先检查班级课时、学生所在班级和转入班级配置是否完整；如果提示无剩余课时，通常需要先确认目标班级是否设置了总课时。,2026-04-21,智成教育,,,,40
fb-approval-0148,建议入库,,teacher,老师库,老师,使用问题,未复现,班级/排课/课时/考勤；课表,老师 日期和星期对不上，这个问题能修复一下吗,日期和星期不对应,技术加了日志，下次出现问题保持当前页面，技术远程看下,2026-01-27,维他,,,,40
fb-approval-0149,建议入库,,student,学生库,学生,使用问题,已处理,账号登录/密码/手机号；题库/录题/单词书/模考；入学模考,请问下学生做完入学测试后，提交失败,入学模考提交失败，需要确认是否保存进系统了,登录失效导致，技术目前在同步答题记录,2026-01-16,备考派,,,,38
fb-approval-0150,建议入库,,student,学生库,学生,使用问题,已处理,作业/布置/批改/反馈；AI助教,ai助教有问题哦，好几个同学都这么反馈了,AI助教无法使用,因为调用的AI限额了，需要进行处理,2026-05-11,秒懂,,,,37
fb-approval-0151,建议入库,,student,学生库,学生,使用问题,已处理,作业/布置/批改/反馈；基础训练-单词,校校你好，学生的单词作业开了监管模式后答题界面是这样的，这个比例能调吗,单词作业显示不完整,老师，您可以先确认作业是否已经成功布置、学生是否在对应班级内，以及作业状态是否已提交/已完成；如果状态正常但仍看不到，再提供学生账号和作业链接转人工排查。,2026-06-08,曼哈顿国际,,,,37
fb-approval-0152,建议入库,,student,学生库,家长,使用问题,不处理,作业/布置/批改/反馈；小程序/公众号/二维码；公众号通知,你好，之前说过上课前一天晚上八点是会发上课通知的。但是我们昨天晚上家长都没有收到上课通知，这是什么原因,公众号没有推送,技术反馈家长端逻辑上不会发上课通知的,2026-02-21,玛尔兹,,,,37
fb-approval-0153,建议入库,,student,学生库,学生,使用问题,客户未回复,作业/布置/批改/反馈；答题,你好，最近几天学生反馈选择题的第四个选项显示不出来,反馈选项显示不完整,技术远程看，目前客户未回复,2026-06-07,百获教育,,,,37
fb-approval-0154,建议入库,,student,学生库,学生,使用问题,不处理,作业/布置/批改/反馈；答题,老师学生今天用客户端的专注模式做阅读填词题，学生反馈一个单词输入到最后几个字母他会自动填充一些乱序的字母，比如convenience打到ni后面会自动出现并填充clnv这样,反馈字母乱序，不确定是不是输入法问题,录屏上看像是输入法调成了中文输入,2026-05-31,新航道杭州,,,,37
fb-approval-0155,建议入库,,student,学生库,学生,使用问题,不处理,作业/布置/批改/反馈；答题,请你们技术去看下这个 没有开任何多余的界面,反馈一直提示重复打开页面,同时打开一份作业会有这个提示,2026-05-27,西点国际,,,,37
fb-approval-0156,建议入库,,student,学生库,学生,使用问题,不处理,作业/布置/批改/反馈；答题,学术作业交不上去，一直没有给显示那个提交键，就是submit,无法提交作业,老师，您可以先确认作业是否已经成功布置、学生是否在对应班级内，以及作业状态是否已提交/已完成；如果状态正常但仍看不到，再提供学生账号和作业链接转人工排查。,2026-03-24,秒懂,,,,37
fb-approval-0157,建议入库,,student,学生库,学生,使用问题,不处理,作业/布置/批改/反馈；答题,老师，为什么我布置的作业学生反馈是乱码,看上去是输入法联想导致的,切换英文输入法就可以避免联想,2026-02-27,offer me,,,,37
fb-approval-0158,建议入库,,student,学生库,学生,使用问题,不处理,作业/布置/批改/反馈；答题,你好，学生听翻按顺序打出来的中文，输入后就乱序了，辛苦看下是什么问题，谢谢,没有按照要求作答,客户未回复，忽略，应该就是布置错了,2026-02-14,朗思教育,,,,37
fb-approval-0159,建议入库,,student,学生库,学生,使用问题,已处理,作业/布置/批改/反馈；答题,学生还是频繁跳过题目,新托福答题会自动跳过,老师未回复，按照之前的跳题问题先反馈了,2026-01-27,维他,,,,37
fb-approval-0160,建议入库,,student,学生库,学生,使用问题,不处理,作业/布置/批改/反馈；结果页,老师好，今天给学生布置了一周的作业，下午看同一时间所所有作业显示提交，出现 完成 字样，但是学生根本还没动,学生未作答作业但是显示已完成,老师，您可以先确认作业是否已经成功布置、学生是否在对应班级内，以及作业状态是否已提交/已完成；如果状态正常但仍看不到，再提供学生账号和作业链接转人工排查。,2026-01-24,新航道北京,,,,37
fb-approval-0161,建议入库,,student,学生库,学生,使用问题,已处理,作业/布置/批改/反馈；题库/录题/单词书/模考；机构题库,你好，我们后台看了一下没有后面那几个空格，但是系统上有；可以帮我们把后面的空格清除掉吗,机构题库精听作业，空格和老师录入的不符,老师，您可以先确认作业是否已经成功布置、学生是否在对应班级内，以及作业状态是否已提交/已完成；如果状态正常但仍看不到，再提供学生账号和作业链接转人工排查。,2026-01-11,杭州青澜,,,,37
fb-approval-0162,建议入库,,teacher,老师库,老师,使用问题,已处理,作业/布置/批改/反馈；AI批改,点击了好几次重新批改,AI批改失效,有道欠费了，现在已经好了,2026-06-03,新航道上海,,,,37
fb-approval-0163,建议入库,,teacher,老师库,老师,使用问题,已处理,作业/布置/批改/反馈；AI批改,这个改不了 都不出结果,AI批改失败（Eva老师）,之前口语bug导致的，优化中了,2026-01-08,秒懂,,,,37
fb-approval-0164,建议入库,,teacher,老师库,老师,使用问题,不处理,作业/布置/批改/反馈；结果页,今天进阶词汇 英译中好像网页有bug；每个词都要翻译两遍，而且做完都对了却显示错了一半,单词都是正确的，但是结果页显示50分,是作业大纲关联的题目重复了,2026-04-20,秒懂,,,,37
fb-approval-0165,建议入库,,teacher,老师库,老师,使用问题,不处理,作业/布置/批改/反馈；结果页,老师，这里的时间为什么是0S,答题时间都是0s,题型训练布置的题目是不计时的,2026-04-04,至真国际,,,,37
fb-approval-0166,建议入库,,teacher,老师库,老师,使用问题,不处理,作业/布置/批改/反馈；结果页,说做了40分钟，才给他记了17分钟,答题时间计算不对,技术确认下开始作答时间和提交作业的时间,2026-02-07,西点国际,,,,37
fb-approval-0167,建议入库,,teacher,老师库,老师,使用问题,不处理,作业/布置/批改/反馈；结果页,老师，这个孩子今天的作文是写完的。但老师在批改作文的时候，就发现只有几个字,学生答题但是没有显示（新托福）,这个问题已经出现2次了，需要再观察下,2026-01-31,Highscore,,,,37
fb-approval-0168,建议入库,,teacher,老师库,老师,使用问题,已处理,作业/布置/批改/反馈；课堂反馈,怎么老师写不了反馈呢,老师不能填写反馈（可能是后进班导致,后入班需要在学员界面填写反馈,2026-01-11,探月,,,,37
fb-approval-0169,建议入库,,teacher,老师库,老师,使用问题,不处理,作业/布置/批改/反馈；题库/录题/单词书/模考；入学模考,老师好，请问我这边有校币但是批改不了入学模考是什么情况呀？,机构账户有校币但是无法批改,老师批改入学模考会使用机构校币，,2026-04-11,新航道广州,,,,37
fb-approval-0170,建议入库,,teacher,老师库,老师,使用问题,不处理,作业/布置/批改/反馈；题库/录题/单词书/模考；单词书,本单元学习到的是词组 point out ，turn into。但是布置下去的单词作业 显示的是分开的单词,词组变成分开的单词了,单词书中是分开的，不是词组,2026-03-28,新航道武汉,,,,37
fb-approval-0171,建议入库,,teacher,老师库,老师,使用问题,不处理,作业/布置/批改/反馈；题库/录题/单词书/模考；机构题库,你好，晨读写作这个系统自动批改的是不是有点不准确，学生提交后看到的分数和我们这边看到的不一样。学生作答内容与参考答案基本一致，分数只有45分，辛苦看一下是不是系统问题哦,机构题库AI批改标准需要确认下,老师发的这套题没有录入批改规则,2026-02-02,杭州青澜,,,,37
fb-approval-0172,建议入库,,student,学生库,学生,使用问题,已处理,音频/录音/听力；生词本,我所有的听力和阅读好像是都不能添加生词,无法添加生词本,技术查看未处理；学生开了插件导致,2026-01-07,秒懂,,,,36
fb-approval-0173,建议入库,,student,学生库,学生,使用问题,不处理,音频/录音/听力；答题,老师，那个口语我不知道为什么总是检测不到我的声音,repeat题无法录音,老师，您可以先让学生使用 Chrome 浏览器重新进入，并刷新页面或清理缓存。如果音频超过 15 秒仍未加载，可按页面提示下载音频本地播放；仍不行的话，再提供学生账号、测试链接和截图转人工排查。,2026-03-20,秒懂,,,,36
fb-approval-0174,建议入库,,student,学生库,学生,使用问题,不处理,音频/录音/听力；答题,有很多L&R题目，就是明明说话了，但是为什么系统老是录不进去,口语录音不完整,老师，您可以先让学生使用 Chrome 浏览器重新进入，并刷新页面或清理缓存。如果音频超过 15 秒仍未加载，可按页面提示下载音频本地播放；仍不行的话，再提供学生账号、测试链接和截图转人工排查。,2026-01-21,Highscore,,,,36
fb-approval-0175,建议入库,,student,学生库,学生,使用问题,未复现,音频/录音/听力；答题,"Hello,Doreen, 不好意思周末打扰你，是这样的，最近两天我都在刷题，但是校校的听力部分容易出现突然之间没有声音，然后需要立即退出，然后重新进入需要把听力全部听一遍到终止的位置",新托福听力音频无法播放,老师，您可以先让学生使用 Chrome 浏览器重新进入，并刷新页面或清理缓存。如果音频超过 15 秒仍未加载，可按页面提示下载音频本地播放；仍不行的话，再提供学生账号、测试链接和截图转人工排查。,2026-01-19,成外,,,,36
fb-approval-0176,建议入库,,student,学生库,学生,使用问题,不处理,音频/录音/听力；答题,老师 我们按照你说的办法又试了，还是不行,音频无法播放,老师，您可以先让学生使用 Chrome 浏览器重新进入，并刷新页面或清理缓存。如果音频超过 15 秒仍未加载，可按页面提示下载音频本地播放；仍不行的话，再提供学生账号、测试链接和截图转人工排查。,2026-01-02,智成教育,,,,36
fb-approval-0177,建议入库,,sales,销售库,销售,使用问题,不处理,作业/布置/批改/反馈；题库/录题/单词书/模考；结果页,老师这个孩子模考做了为啥没又啊,学生作答了入学模考但是没有显示,学生作答的是系统老师布置的题目，不是入学模考,2026-01-19,寄托,,,,35
fb-approval-0178,建议入库,,teacher,老师库,老师,使用问题,已处理,浏览器/网络/缓存；题库/录题/单词书/模考；机构题库,你们是自己增生吗？,机构题库录入问题，老师之前没用谷歌，机构题库出现了大量错乱问题。现在换成谷歌之后，还是出现类似情况,未复现这个问题，试卷数据先处理了,2026-01-26,壹思唯,,,,35
fb-approval-0179,建议入库,,teacher,老师库,老师,使用问题,不处理,权限/角色/公池；题库/录题/单词书/模考；机构题库,请问学生答题时为了看不到这个单词填空啊,机构题库录入错误，录了多根横线导致,和老师解释问题了，等回复,2026-01-20,唯学,,,,33
fb-approval-0180,建议入库,,sales,销售库,销售,使用问题,不处理,账号登录/密码/手机号；题库/录题/单词书/模考；入学模考,老师 ，学生胡博文前天做了入学模考，然是只能查到25年的模考记录，学生手机号是15839960358，请问可以查一下是什么情况吗[愉快],入学模考查询,学生在其他机构做的入学模考,2026-06-02,美世教育,,,,30
fb-approval-0181,建议入库,,academic,教务库,教务,使用问题,不处理,作业/布置/批改/反馈；班级/排课/课时/考勤；订单/合同/报课/收费；课消统计,这个剩余课时和剩余金额对不上是什么原因啊,反馈课时课消对不上,老师，您可以先检查班级课时、学生所在班级和转入班级配置是否完整；如果提示无剩余课时，通常需要先确认目标班级是否设置了总课时。,2026-05-31,图钉教育,,,,19
fb-approval-0182,建议入库,,student,学生库,学生,使用问题,已处理,AI助教,ai助教又又又用不了了,AI助教无法使用,题型的问题，之前技术没有加那几种题型，现在加上了,2026-05-29,秒懂,,,,14
fb-approval-0183,建议入库,,student,学生库,学生,使用问题,未复现,小程序/公众号/二维码；小程序,老师，这个是什么原因,小程序提交答题卡显示wrong,暂时未复现，询问了机构那边是否还有相同情况后再看,2026-02-09,中山莱斯,,,,14
fb-approval-0184,建议入库,,student,学生库,学生,使用问题,未复现,生词本,添加生词本失败是怎么回事儿呀？,无法添加生词本,问老师要了结果页，其他的单词添加都是没问题的,2026-03-21,秒懂,,,,14
fb-approval-0185,建议入库,,student,学生库,学生,使用问题,不处理,答题,学员做托福阅读二月 第八套， 出现了185道题 ？？？,新托福题目数量不对,新托福里面 Complete the Words 这个题目，一个空在作答结果这里算了一个题的,2026-05-30,超级学长,,,,14
fb-approval-0186,建议入库,,student,学生库,学生,使用问题,已处理,答题,咱这个系统最近是不是有什么问题啊,题目被自动跳过了,修改新托福写作分成两部分导致，在写作的一部分倒计时自己走完的情况会发生这种情况，目前已经修复,2026-05-28,秒懂,,,,14
fb-approval-0187,建议入库,,student,学生库,学生,使用问题,未复现,答题,老师们，请问这是什么原因？学生提交不了口语？,无法提交口语,试了断网，弱网等情况都没有复现出提交文件无法识别的问题,2026-05-27,一飞立思辰,,,,14
fb-approval-0188,建议入库,,student,学生库,学生,使用问题,未复现,答题,老师们好，现在新托福的测试系统有bugwords in complete 有的时候最后一个空写不进去字母,新托福答题会填写不了内容,作答了十几个相同题型的题目未出现相同情况,2026-05-04,题安,,,,14
fb-approval-0189,建议入库,,student,学生库,学生,使用问题,不处理,答题,这个听写句子的任务为什么学员端 都显示红色呢 看了一下并不是都错了,逐句精听都显示答错,因为结果页判断会把填写的单词挪到对的地方，作答的时候没填在对的地方也会有判断,2026-04-21,秒懂,,,,14
fb-approval-0190,建议入库,,student,学生库,学生,使用问题,不处理,答题,为什么新托福口语到了这个界面还要过好多秒才能到下一题啊,学生答题无法进行下一步,等回复，如果老师是觉得弹窗停留时间过就，需要确认下多久是合适的时间,2026-04-11,英廷,,,,14
fb-approval-0191,建议入库,,student,学生库,学生,使用问题,不处理,结果页,像这种也是有完整英文原文和中文翻译就好了,新托福complete the words在结果页没有显示英语原文,我找了同套题目有显示。老师没有发结果页链接,2026-03-12,秒懂,,,,14
fb-approval-0192,建议入库,,student,学生库,学生,使用问题,不处理,题库/录题/单词书/模考；入学模考,这套试卷老师设置的是40分钟，但是学生答题可以到65分钟，入学模考这块试卷是没有倒计时功能的吗？,学生实际作答时间和老师设置的倒计时时间不一致,这里机构题库推送填写这是建议时长，并不是里面题目具体的时间，如果需要里面题目也有倒计时，就需要在试卷里面设置具体的分类时长,2026-01-09,高顿紫藤,,,,14
fb-approval-0193,建议入库,,student,学生库,学生,使用问题,不处理,题库/录题/单词书/模考；客户端,sat 模考 dismo 死机 导致学生 在强监管模式下 只能重启电脑,SAT使用计算机导致客户端卡顿,客户端会比网页端更占内容，在电脑配置不高的时候还是建议使用网页端,2026-05-31,XYstudio,,,,14
fb-approval-0194,建议入库,,student,学生库,学生,使用问题,不处理,题库/录题/单词书/模考；答题,有个学生做入学测试，part3她前面都有正常答题，前面4题都答好了，然后在第五题答的中途就突然结束了，说是时间到了，学生说没有那个倒计时还在倒数，时间没有到，请问下这是什么情况呢,倒计时未结束但是直接提交了,因为口语整体的倒计时走完了，从录屏中可以看到在part3第4题的时候倒计时已经走完了,2026-04-06,曼哈顿国际,,,,14
fb-approval-0195,建议入库,,student,学生库,学生,使用问题,未复现,题库/录题/单词书/模考；答题,现在还有一个问题 我们自己的题库然后 interview 和listen and repeat 出现的先是interview 这个怎么解决,机构题库顺序问题,通过题目预览查看，答题顺序是和录题顺序一致的，需要老师发一个有问题的结果页进一步确认,2026-01-24,壹思唯,,,,14
fb-approval-0196,建议入库,,student,学生库,学生,使用问题,pending,题库/录题/单词书/模考；结果页,学生的这套模考题，router的12题，选的是C，但是学生端显示他选的是B。请问可以排查一下原因吗？不着急，等到五一假期结束后再沟通就好。,学生实际选择和结果页显示的不一样,目前看老师和学生端显示的答案都是一致的，这个再观察下,2026-05-03,佩格思,,,,14
fb-approval-0197,建议入库,,teacher,老师库,老师,使用问题,不处理,AI小新,AI助手分析异常没有出来结果,AI助教分析异常,确认下重新分析是否可以生成数据，这边尝试是可以正常返回数据的,2026-05-27,北外,,,,14
fb-approval-0198,建议入库,,teacher,老师库,老师,使用问题,不处理,其他,我们在校校维护好数据后，我这边接口刚开始拉不到，后边又拉到了，这个是什么问题呢,API问题,问题确认下来，就是token已经失效造成,2026-04-01,RoSSo,,,,14
fb-approval-0199,建议入库,,teacher,老师库,老师,使用问题,不处理,客户端,你们的MAC OS的桌面客户端，我一打开 电脑就会变成这样,MAC客户端打开后会占满内存,客户端会比网页端更占内容，在电脑配置不高的时候还是建议使用网页端,2026-05-31,利博塔,,,,14
fb-approval-0200,建议入库,,teacher,老师库,老师,使用问题,pending,结果页,但是你们79分的话，总分是给了4.5,新托福分数问题（目前是按照平均分算的）,pending，目前还没找到更好的解决方案,2026-04-14,壹思唯,,,,14
fb-approval-0201,建议入库,,teacher,老师库,老师,使用问题,已处理,结果页,为啥总是显示不出分数条呀,结果页报告显示不完整,这个昨晚上更新后，现在看数据是完整了的，后续再观察是否有问题,2026-03-22,寄托,,,,14
fb-approval-0202,建议入库,,teacher,老师库,老师,操作疑问,已处理,结果页,老师 专题训练的时候 是不是没有开倒计时 就不会有时间统计呀,题型训练计时统计问题,客户问题回复过了，但是superschool看开了倒计时也没有统计,2026-03-10,东西方,,,,14
fb-approval-0203,建议入库,,teacher,老师库,老师,使用问题,已处理,错题分析,阅读里面的错题统计， 题型分类也是很多很多错误的。 这里面 目的题里面还包含了 句子插入题 等其他题型,错题统计知识点分类错误（新托福,等回复，这个再次与机构老师沟通要一个学生信息排查问题,2026-04-04,飞虎,,,,14
fb-approval-0204,建议入库,,teacher,老师库,老师,使用问题,不处理,错题分析,1. 学生未答题的会在错题集里吗？ 2. 目前所有学生的错题都已经在错题集里了吗（先不管分类对错，是不是都在里面）,新托福错题问题,需要确认下之前作答的错题是否会显示在错题分析界面,2026-04-03,飞虎,,,,14
fb-approval-0205,建议入库,,teacher,老师库,老师,使用问题,,题库/录题/单词书/模考；单词书,词组没有发音,词组不发音,没有音标的单词，目前没有显示发音按钮，今天会处理,2026-06-10,杭州壹橙,,,,14
fb-approval-0206,建议入库,,teacher,老师库,老师,使用问题,客户未回复,题库/录题/单词书/模考；单词书,请问这个词汇发音不匹配的情况该怎么处理，目前这个词单我还在最后校对中，没有确认上传。,单词没有匹配发音,后台看是可以正常上传的，但是老师说不行，等老师发文档,2026-03-15,佩格思,,,,14
fb-approval-0207,建议入库,,teacher,老师库,老师,使用问题,,题库/录题/单词书/模考；单词书,不好意思，刚刚在忙，然后我又看了下，这个问题没有解决，它貌似直接把那些有超长单词的单元直接删了，这能怎么办啊？,单词无法上传,会做下优化，超过50字符的单词也会在上传时弹窗提示，和近期上线版本一起上线，这是客户上传的单词超过限制长度（50字符）,2026-02-10,亿思倍,,,,14
fb-approval-0208,建议入库,,teacher,老师库,老师,操作疑问,已处理,题库/录题/单词书/模考；单词书,老师这个单词上传错误是什么情况？,单词书无法上传,看了单词书是有特殊符号的，应该是老师格式化过,2026-02-03,广州花笙,,,,14
fb-approval-0209,建议入库,,teacher,老师库,老师,操作疑问,已处理,题库/录题/单词书/模考；单词书,您好，我想问一下，上传单词书<类别>可以自己新增选项吗？例如四六级词汇和高中词汇,单词书类别是否可以自定义,支持自定义，添加课程的界面，添加课程类别就可以,2026-01-08,启亮,,,,14
fb-approval-0210,建议入库,,teacher,老师库,老师,使用问题,未复现,题库/录题/单词书/模考；机构题库,老师您好，这个题目我是一个一个复制粘贴上去的，有文字有图片，显示保存失败的原因是什么呢,机构题库无法保存,按照相同操作，题目添加图片和文案未出现相同问题,2026-04-22,啄木鸟,,,,14
fb-approval-0211,建议入库,,teacher,老师库,老师,使用问题,不处理,题库/录题/单词书/模考；机构题库,校校你好，我正在录入机构题库。我将填空题的表格带格式粘贴过来并保存后，发现保存后的格式以及学生端的格式都和编辑时不一致，比如视频中equipped和shower我是分行了的，但是学生端未分行，请问有没有什么方法调整?,机构题库录入后长时间无法提交,从录屏上看应该是这部分在屏幕上占用太大，然后把右边的输入框挤小了，在需要换行的位置添加一个回车换行就可以了,2026-01-25,享学,,,,14
fb-approval-0212,建议入库,,teacher,老师库,老师,使用问题,未复现,题库/录题/单词书/模考；系统题目,您好，我们有学生做了两套ACT模考，但这两套的记分不一样，辛苦您核查下。这是两套作答的结果页网站,ACT分数计算问题,第二套分数是对的，第一套技术看结果页显示英语50个题，但是实际存的题目数量却是75道，并且题目的id也是75道，所以算出来是17分 目前未复现这个问题，要后续再看下。分数可以让老师手动修改下，或者这边修改,2026-06-07,北京睿途,,,,14
fb-approval-0213,建议入库,,student,学生库,学生,使用问题,已处理,AI助教,辛苦技术看一下,AI助教,因为调用的AI限额了，需要进行处理,2026-05-12,秒懂,,,,8
fb-approval-0214,建议入库,,student,学生库,学生,使用问题,已处理,AI助教,君彦13302393526,AI助教无法使用,因为调用的AI限额了，需要进行处理,2026-05-11,百获教育,,,,8
fb-approval-0215,建议入库,,student,学生库,学生,使用问题,不处理,客户端,老师好，现在强监督模式下还是可以用欧路屏幕取词,欧陆词典OCR取词问题,要确认下会不会触发切屏次数,2026-06-08,北京睿途,,,,8
fb-approval-0216,建议入库,,student,学生库,学生,使用问题,不处理,笔记,保留高亮这个 我们系统上可以嘛,如何查看答题过程中的高亮,现在打开结果页看是有笔记的,2026-01-27,唯优教育,,,,8
fb-approval-0217,建议入库,,student,学生库,学生,操作疑问,已处理,笔记,老师你好 咨询个问题：学生反映在校校里做题标亮提交后 再次打开会消失 请问如何保存呢？,高亮无法保存到结果页,老师自己没操作明白，已处理,2026-01-14,新航道北京,,,,8
fb-approval-0218,建议入库,,student,学生库,学生,使用问题,不处理,答题,13225778060,雅思界面显示不完整（ipad）,看着是竖着的，屏幕太窄显示不完内容,2026-06-01,秒懂,,,,8
fb-approval-0219,建议入库,,student,学生库,学生,使用问题,未复现,答题,这个一直进行不了下一步,新托福口语卡顿无法进行下一步,未复现相同情况，可以让学生再试下,2026-03-22,独课,,,,8
fb-approval-0220,建议入库,,student,学生库,学生,使用问题,客户未回复,答题,一直显示上传不了答案😭,学生答案无法上传,已经回复了老师，老师那边还未回复,2026-03-16,百获教育,,,,8
fb-approval-0221,建议入库,,student,学生库,学生,使用问题,未复现,答题,测试非要开摄像头吗 家长说打不开啊,答题界面不显示开关摄像的跳过按钮,我看可以跳过，等老师回复,2026-03-12,唯由教育,,,,8
fb-approval-0222,建议入库,,student,学生库,学生,使用问题,已处理,答题,今天还是有学生播放了2遍,之前同个问题,未复现，尝试处理了，后续再看下,2026-02-12,维他,,,,8
fb-approval-0223,建议入库,,student,学生库,学生,使用问题,已处理,答题,一直卡在这里,新托福无法跳转,技术未复现出问题，明天会进行优化处理,2026-01-20,一星国际,,,,8
fb-approval-0224,建议入库,,student,学生库,学生,使用问题,不处理,结果页,为什么我每个答案都写了最后显示的都是未答题数,学生作答了但是显示为未答题,从录屏看学生有部分提示是没有作答,2026-04-11,新通,,,,8
fb-approval-0225,建议入库,,student,学生库,学生,使用问题,不处理,结果页,长题目：屏幕展示的体验不太好。,屏幕缩放会导致显示不完整,让老师切换分辨率后再看下,2026-03-23,Capstone,,,,8
fb-approval-0226,建议入库,,student,学生库,学生,使用问题,不处理,结果页,学生选了，系统没有显示,学生作答但是结果页没有显示,录屏中看不出，没有查到答题记录,2026-03-17,至真国际,,,,8
fb-approval-0227,建议入库,,student,学生库,学生,操作疑问,已处理,结果页,老师可以帮我看一下，我有一个学生刚做完托福，但是点了提交之后系统上没有显示,答题后没有上传到结果页？但是显示全是错误,周末又出现一例，但是这个是精听的,2026-01-30,新航道,,,,8
fb-approval-0228,建议入库,,student,学生库,学生,操作疑问,已处理,题库/录题/单词书/模考；单词书,你好 这个词汇测试 我们现在有一个情况 就是 学生 测试完 unit 1之后 想直接测试 unit 2 但是中间有 练习册的两个list 必须要按照顺序来 才能解锁 能不能 直接跳过 测试 unit 2哇,单词书是否能跳过某个单元学习,通过单词书抽查让学生先做后面的单元了,2026-01-28,唯优教育,,,,8
fb-approval-0229,建议入库,,student,学生库,学生,使用问题,pending,题库/录题/单词书/模考；客户端,学生模考过程中白屏了,客户端SAT答题过程中白屏,下次再次出问题后，远程查看,2026-06-02,Vantage,,,,8
fb-approval-0230,建议入库,,student,学生库,学生,使用问题,不处理,题库/录题/单词书/模考；答题,老师您好，ACT模考有个问题，就是每次做到一个模块的第49题，最后一题第50题就显示不出来，直接会跳到下一个模块，所以导致50题做不了，麻烦看一下呢～,ACT模考会自动跳过,已回复，从录屏中看出学生点击了下一部分,2026-03-29,奇睿思,,,,8
fb-approval-0231,建议入库,,student,学生库,学生,使用问题,未复现,题库/录题/单词书/模考；答题,老师学生做模考，卡在这儿了，不动，怎么办,新托福口语卡顿无法进行下一步,未复现相同情况，可以让学生再试下,2026-03-22,新航道北京,,,,8
fb-approval-0232,建议入库,,student,学生库,学生,使用问题,已处理,首页,为啥我网站力学习时间和完成训练次数不增加了,学生端首页学习时长和训练数据不更新了,目前处理了，跟这个版本一起上线,2026-03-02,杭州壹橙,,,,8
fb-approval-0233,建议入库,,teacher,老师库,老师,使用问题,已处理,小程序/公众号/二维码；公众号通知,如何知道是之前绑定的账户是哪一个,找不到之前绑定的微信公众号了,UI上没有画所以技术没有加，优化上去了,2026-03-08,菁鹰,,,,8
fb-approval-0234,建议入库,,teacher,老师库,老师,使用问题,已处理,系统题目,剑桥雅思真题17-4-2 阅读这里有一处小错误,雅思题目内容显示问题,后台看显示是对的，但是正式服上不对,2026-04-14,新航道武汉,,,,8
fb-approval-0235,建议入库,,teacher,老师库,老师,使用问题,未复现,结果页,这是什么情况？,结果页会一直闪屏,使用相同设备未复现相同情况,2026-04-04,朗思教育,,,,8
fb-approval-0236,建议入库,,teacher,老师库,老师,使用问题,已处理,结果页,老师 后台没有答题时间是一般是怎么回事？,没有答题时间和录屏,这版本结果页更新后再看下是否还有问题,2026-03-22,偏锋出国,,,,8
fb-approval-0237,建议入库,,teacher,老师库,老师,使用问题,不处理,结果页,造句的时长还是会有bug,新托福答题时间显示问题,老师没有理解结果页时长统计,2026-01-15,守壹私塾,,,,8
fb-approval-0238,建议入库,,teacher,老师库,老师,使用问题,不处理,结果页,这边还有个未显示正确率的小bug,结果页未显示正确率,待老师提供结果页，已二次,2026-01-14,南京学了么,,,,8
fb-approval-0239,建议入库,,teacher,老师库,老师,使用问题,不处理,题库/录题/单词书/模考；机构题库,您好，我在创建试卷，系统显示19题没有选项，需要调整后上传，但题目页面是OK的,文档里有选项内容，但是上传的时候提示没有选项，预览界面是正常显示的,不能通过文档录入题目组，格式有问题,2026-03-27,奇迹说,,,,8
fb-approval-0240,建议入库,,teacher,老师库,老师,使用问题,已处理,题库/录题/单词书/模考；机构题库,我们自己录入的题库里这道题 A选项前面多了一个项目符号,看上去是格式复制的问题,加了样式，技术直接帮老师修改了,2026-03-26,承读教育,,,,8
fb-approval-0241,建议入库,,teacher,老师库,老师,使用问题,已处理,题库/录题/单词书/模考；题库,老师麻烦看一下，这道题没有题干,答题界面有，但是题库界面没有,录题中格式有问题，需要后台录题处理,2026-05-13,新航道杭州,,,,8
fb-approval-0242,建议入库,,teacher,老师库,老师,使用问题,已处理,题库/录题/单词书/模考；题库,这里搜索出现了别的客户的题目，辛苦赶紧看下是不是又问题,题库界面会显示出客户专属题目,技术目前正在查看这个问题,2026-04-20,自测,,,,8
fb-approval-0243,建议入库,,teacher,老师库,老师,使用问题,已处理,题库/录题/单词书/模考；题库,你看，题干都是没有的，所有就是点了隐藏答案，也是没有显示的,题库有道题没有显示内容和答案,录入题目时少了字段，导致读取题目时报错,2026-01-23,VICLN,,,,8
fb-approval-0244,建议入库,,sales,销售库,销售,使用问题,不处理,题库/录题/单词书/模考；入学模考,老师好，让学生做模考，为什么找不到我的名字，上图是正确的。,学生在入学模考界面找不到推荐人名字,等老师回复，我看可以显示,2026-03-06,啄木鸟,,,,0
fb-approval-0245,建议入库,,academic,教务库,教务,使用问题,不处理,班级/排课/课时/考勤；订单/合同/报课/收费；余额充值,查了 这个时间段只有这一笔 不是这个金额呐,充值的余额找不到财务记录,转班结转的记录，是用账户余额扣除的金额，所以不会显示在收支明细内,2026-05-28,睿途深圳,,,,-10
fb-approval-0246,建议入库,,academic,教务库,教务,使用问题,不处理,班级/排课/课时/考勤；订单/合同/报课/收费；班级,老师，我想问一下，这边我们要给学生转班，为什么金额为0无法转班？但是雅思督导转班却没有这个提示？,同样是余额0的班级，转班的时候一个会有提示一个没有,老师，您可以先检查班级课时、学生所在班级和转入班级配置是否完整；如果提示无剩余课时，通常需要先确认目标班级是否设置了总课时。,2026-06-05,维森教育,,,,-10
fb-approval-0247,建议入库,,academic,教务库,教务,使用问题,已处理,订单/合同/报课/收费；订单,这是学生订单关联不了，麻烦处理一下嗷,订单无法关联,这个学生名下都没有订单，无法关联,2026-02-04,爱英格知成都,,,,-42
fb-approval-0248,改写后入库,,teacher,老师库,老师,使用问题,未复现,账号登录/密码/手机号；作业/布置/批改/反馈；音频/录音/听力；浏览器/网络/缓存；班级/排课/课时/考勤；班级,平板点作业板块不显示作业了，之前都是可以的。反复重启，换浏览器，试了很多账号都不可以,safari浏览器点击班级和作业界面无法加载,老师，您可以先确认作业是否已经成功布置、学生是否在对应班级内，以及作业状态是否已提交/已完成；如果状态正常但仍看不到，再提供学生账号和作业链接转人工排查。,2026-03-24,诺程教育,,,,148
fb-approval-0249,改写后入库,,academic,教务库,教务,使用问题,不处理,账号登录/密码/手机号；班级/排课/课时/考勤；权限/角色/公池；排课,同一老师设定事老师同时是助教，排同一时间的两个学生，系统没有显示不行，这是怎么回事？我发截图发给您看下,同一个老师同一时间排了两节课，没有提示冲突,“Edward”这个名称的账号有两个，号码分别是18721808500（老师身份）、18916186903（助教、销售身份），这是两个账号，所以没有冲突,2026-03-25,托雅猫,,,,95
fb-approval-0250,改写后入库,,student,学生库,学生,使用问题,客户未回复,账号登录/密码/手机号；作业/布置/批改/反馈；浏览器/网络/缓存；登录,学生反馈登录不了 用浏览器清除缓存也不行,无法登录,等回复,2026-04-10,PDA,,,,94
fb-approval-0251,改写后入库,,student,学生库,学生,使用问题,不处理,账号登录/密码/手机号；作业/布置/批改/反馈；浏览器/网络/缓存；登录,13802395408 这个用户反映网站无法使用 麻烦看看什么原因 使用了谷歌浏览器 在国内,学生无法登录系统,已反馈,2026-03-25,秒懂,,,,94
fb-approval-0252,改写后入库,,student,学生库,学生,使用问题,客户未回复,账号登录/密码/手机号；音频/录音/听力；浏览器/网络/缓存；答题,这个学生应该尝试过清理浏览器缓存之类的解决步骤了，但是还是会容易出现这种问题,无法录音,老师，您可以先让学生使用 Chrome 浏览器重新进入，并刷新页面或清理缓存。如果音频超过 15 秒仍未加载，可按页面提示下载音频本地播放；仍不行的话，再提供学生账号、测试链接和截图转人工排查。,2026-03-08,秒懂,,,,93
fb-approval-0253,改写后入库,,student,学生库,学生,使用问题,不处理,作业/布置/批改/反馈；音频/录音/听力；浏览器/网络/缓存；小程序/公众号/二维码；小程序,老师，请问给学生布置了单词任务 需要学生录音上传，在手机上是可以录进去，但是一直显示上传中是什么情况,小程序无法提交口语录音,老师，您可以先让学生使用 Chrome 浏览器重新进入，并刷新页面或清理缓存。如果音频超过 15 秒仍未加载，可按页面提示下载音频本地播放；仍不行的话，再提供学生账号、测试链接和截图转人工排查。,2026-04-16,新航道上海,,,,92
fb-approval-0254,改写后入库,,student,学生库,学生,使用问题,不处理,作业/布置/批改/反馈；音频/录音/听力；浏览器/网络/缓存；答题,学生反馈听力部分第四题总是会卡住，换了浏览器 以及链接重新做都会卡 刷新之后就没声音了,新托福听力卡顿,老师，您可以先让学生使用 Chrome 浏览器重新进入，并刷新页面或清理缓存。如果音频超过 15 秒仍未加载，可按页面提示下载音频本地播放；仍不行的话，再提供学生账号、测试链接和截图转人工排查。,2026-03-16,洒脱教育,,,,92
fb-approval-0255,改写后入库,,teacher,老师库,老师,使用问题,不处理,账号登录/密码/手机号；作业/布置/批改/反馈；权限/角色/公池；题库/录题/单词书/模考；作业管理页面,老师们，辛苦帮我找找麦嘉钧的模考记录，5月3号的，我找不到了，账号是麦嘉钧+雅思共享-做作业,布置的作业，老师账号看不到了,老师，您可以先检查三点：学生是否在对应班级里、作业布置对象是否包含该学生、学生账号是否有做题权限。确认后让学生端刷新或重新登录再看。,2026-05-06,美世教育,,,,92
fb-approval-0256,改写后入库,,teacher,老师库,老师,使用问题,客户未回复,账号登录/密码/手机号；音频/录音/听力；班级/排课/课时/考勤；班级,你好 我们老师账号 一到班级这里就点不开,班级界面加载缓慢问题（ipad,老师，您可以先检查班级课时、学生所在班级和转入班级配置是否完整；如果提示无剩余课时，通常需要先确认目标班级是否设置了总课时。,2026-03-29,盎睿博识,,,,92
fb-approval-0257,改写后入库,,teacher,老师库,老师,使用问题,客户未回复,作业/布置/批改/反馈；音频/录音/听力；班级/排课/课时/考勤；班级,请问老师，布置作业的界面显示空白是什么原因？之前都能正常使用,班级界面一直在加载,老师，您可以先检查班级课时、学生所在班级和转入班级配置是否完整；如果提示无剩余课时，通常需要先确认目标班级是否设置了总课时。,2026-03-30,新航道,,,,91
fb-approval-0258,改写后入库,,teacher,老师库,老师,使用问题,客户未回复,作业/布置/批改/反馈；音频/录音/听力；班级/排课/课时/考勤；班级,请问我的校校系统作业这个页面一直加载不出来，怎么解决呢，重启好几次了,老师端班级界面无法加载,老师，您可以先检查班级课时、学生所在班级和转入班级配置是否完整；如果提示无剩余课时，通常需要先确认目标班级是否设置了总课时。,2026-03-27,新航道北京,,,,91
fb-approval-0259,改写后入库,,student,学生库,学生,使用问题,客户未回复,作业/布置/批改/反馈；班级/排课/课时/考勤；权限/角色/公池；学生作业页面,新关联到班级里的学生不能看到之前班级布置的作业了，请问这个功能可以改回去吗？,反馈后进班学生看不到之前布置的作业,老师，您可以先检查三点：学生是否在对应班级里、作业布置对象是否包含该学生、学生账号是否有做题权限。确认后让学生端刷新或重新登录再看。,2026-06-08,新航道上海,,,,88
fb-approval-0260,改写后入库,,student,学生库,学生,使用问题,不处理,作业/布置/批改/反馈；班级/排课/课时/考勤；权限/角色/公池；学生作业页面,这个学生在“石室新托福”的班级里，但是老师布置的作业看不到,学生看不到老师布置的作业,老师，您可以先检查三点：学生是否在对应班级里、作业布置对象是否包含该学生、学生账号是否有做题权限。确认后让学生端刷新或重新登录再看。,2026-03-10,新通,,,,88
fb-approval-0261,改写后入库,,teacher,老师库,老师,使用问题,不处理,作业/布置/批改/反馈；班级/排课/课时/考勤；权限/角色/公池；题库/录题/单词书/模考；小程序/公众号/二维码；班级设置,老师学生模考提交后 老师这边看不到作业，我们这边能导出试卷二维码吗,反馈在班级里看不到作业,老师，您可以先检查三点：学生是否在对应班级里、作业布置对象是否包含该学生、学生账号是否有做题权限。确认后让学生端刷新或重新登录再看。,2026-05-27,新航道杭州,,,,88
fb-approval-0262,改写后入库,,teacher,老师库,老师,使用问题,不处理,账号登录/密码/手机号；作业/布置/批改/反馈；浏览器/网络/缓存；布置作业页面,应该不是这个问题，我之前一直不是用谷歌也没有问题，而且这个我用我同事手机操作 耶没有用谷歌 也是正常的,手机登录网页无法布置作业,老师，您可以先确认作业是否已经成功布置、学生是否在对应班级内，以及作业状态是否已提交/已完成；如果状态正常但仍看不到，再提供学生账号和作业链接转人工排查。,2026-03-06,守壹私塾,,,,84
fb-approval-0263,改写后入库,,student,学生库,学生,使用问题,不处理,作业/布置/批改/反馈；音频/录音/听力；答题,老师，这个精听显示是8分钟，但学生反馈实际只有6分钟，麻烦老师核查一下,精听时间不对,音频后台查了下，确实最后一句是06：38--06：41 ，剩余的时间是雅思题目的检查时间，所以后面是没有音频了,2026-05-30,英廷,,,,71
fb-approval-0264,改写后入库,,student,学生库,学生,使用问题,不处理,作业/布置/批改/反馈；音频/录音/听力；答题,您好，这套听力练习老师布置是完整一套，但是不知道为什么学生考的时候没有回应选择直接就是对话，辛苦您帮忙看一下,学生答题缺了部分题目,题目布置顺序问题，这套题听力部分布置的时候顺序上就是先勾选的Listen to an Academic Talk题型，所以在作答的时候会先播放Listen to an Academic Talk题目的音频,2026-01-24,北京睿途,,,,71
fb-approval-0265,改写后入库,,student,学生库,学生,使用问题,已处理,作业/布置/批改/反馈；音频/录音/听力；结果页,老师，想问下学生这份作业口语P2录音时长只有8秒，听完是没有内容的，但不知道为什么系统识别到了很长一段内容；以下只是作业结果链接,雅思Part2录音没有声音，但是文字识别出来了,老师，您可以先让学生使用 Chrome 浏览器重新进入，并刷新页面或清理缓存。如果音频超过 15 秒仍未加载，可按页面提示下载音频本地播放；仍不行的话，再提供学生账号、测试链接和截图转人工排查。,2026-05-07,新航道武汉,,,,71
fb-approval-0266,改写后入库,,teacher,老师库,老师,使用问题,不处理,作业/布置/批改/反馈；音频/录音/听力；AI批改,AI批改报错： 辛苦看一下这个学员的口语，AI自动批改是11分，老师批改是22分，辛苦帮看一下落差这么多大的原因.,AI批改分数不准,学生录音质量太差，导致识别有问题，所以批改就不准确,2026-02-09,北京睿途,,,,71
fb-approval-0267,改写后入库,,teacher,老师库,老师,使用问题,不处理,作业/布置/批改/反馈；音频/录音/听力；题库/录题/单词书/模考；单词书,你好，我们这个单词表的这个词组white board没有发音，辛苦帮忙处理一下[玫瑰]，以下是学生的完成链接,词组没有发音,技术反馈这个词组有道是有发音的，但是发音没有声音，相当于到有道拿了一个暂无发音的音频，也是拿到可发音，会用AI发音的情况是有道没有音频。这个问题暂不处理，如果后后续后多个单词的情况下，技术再讨论下解决方案,2026-04-13,曼哈顿国际,,,,71
fb-approval-0268,改写后入库,,teacher,老师库,老师,使用问题,未复现,账号登录/密码/手机号；浏览器/网络/缓存；系统题目,校校，你好，这一题答案解析是timetable，但是正确答案显示tlmetable，麻烦你们修改一下,雅思 答案,我这边试了机构浏览器是对的，包括和机构账号一样的edge浏览器,2026-02-13,曼哈顿国际,,,,71
fb-approval-0269,改写后入库,,student,学生库,学生,使用问题,未复现,作业/布置/批改/反馈；浏览器/网络/缓存；答题,这个学生阅读module2点了提交为什么还能返回去做呢,答题录屏中学生M2提交以后回退了,如果作答M1提交后刷新，再次进入会在M1的答题页，但是上方会有离开答题页面的提示，老师提供的作业链接中，回退之前也没有离开答题页面的提示,2026-04-14,成外,,,,70
fb-approval-0270,改写后入库,,student,学生库,学生,使用问题,不处理,音频/录音/听力；浏览器/网络/缓存；答题,这是做题链接 学生放不出来,音频无法播放,老师，您可以先让学生使用 Chrome 浏览器重新进入，并刷新页面或清理缓存。如果音频超过 15 秒仍未加载，可按页面提示下载音频本地播放；仍不行的话，再提供学生账号、测试链接和截图转人工排查。,2026-01-28,维他,,,,69
fb-approval-0271,改写后入库,,student,学生库,学生,使用问题,,作业/布置/批改/反馈；权限/角色/公池；学生作业页面,第二个是下面👇这个学生，他明明在我的班里，老师也布置的作业，全班同学都能看到作业，但是他看不到,反馈在班里但是收不到作业（从描述看应该不在班里）,老师，您可以先检查三点：学生是否在对应班级里、作业布置对象是否包含该学生、学生账号是否有做题权限。确认后让学生端刷新或重新登录再看。,2026-06-10,新航道西安,,,,68
fb-approval-0272,改写后入库,,teacher,老师库,老师,使用问题,已处理,作业/布置/批改/反馈；权限/角色/公池；自定义作业,你好，反映一个问题： 在布置自定义作业添加口语答题卡的时候，如第一张图所示的口语题干中填入的问题内容，在学生完成答题后，老师查看答题解析的时候无法看到原先的题干，只有学生的回答内容 请帮忙看看为什么会这样,自定义作业，结果页看不到口语答题卡中添加的题干内容,老师，您可以先检查三点：学生是否在对应班级里、作业布置对象是否包含该学生、学生账号是否有做题权限。确认后让学生端刷新或重新登录再看。,2026-04-18,图钉教育,,,,68
fb-approval-0273,改写后入库,,student,学生库,学生,使用问题,不处理,账号登录/密码/手机号；作业/布置/批改/反馈；登录,老师 学生作业做了 但是交不上 是个啥情况丫？要怎么弄比较好丫,作业无法提交,老师，您可以先确认作业是否已经成功布置、学生是否在对应班级内，以及作业状态是否已提交/已完成；如果状态正常但仍看不到，再提供学生账号和作业链接转人工排查。,2026-03-25,新航道武汉,,,,67
fb-approval-0274,改写后入库,,student,学生库,学生,使用问题,已处理,账号登录/密码/手机号；作业/布置/批改/反馈；答题,13661233481 这个是学生账号，目前其他作业都是可以正常提交的,ipad无法提交作业,老师，您可以先确认作业是否已经成功布置、学生是否在对应班级内，以及作业状态是否已提交/已完成；如果状态正常但仍看不到，再提供学生账号和作业链接转人工排查。,2026-03-02,秒懂,,,,67
fb-approval-0275,改写后入库,,student,学生库,学生,使用问题,不处理,账号登录/密码/手机号；作业/布置/批改/反馈；题库/录题/单词书/模考；小程序/公众号/二维码；小程序,学生说他的小程序上面所有的任务都有显示，但是单词没有显示 账号也在这个里面，麻烦看一下是什么问题,作业显示不完整,老师，您可以先确认作业是否已经成功布置、学生是否在对应班级内，以及作业状态是否已提交/已完成；如果状态正常但仍看不到，再提供学生账号和作业链接转人工排查。,2026-04-11,秒懂,,,,67
fb-approval-0276,改写后入库,,student,学生库,学生,操作疑问,已处理,账号登录/密码/手机号；作业/布置/批改/反馈；题库/录题/单词书/模考；笔记,有学生反馈，自己SAT数学的模考不能添加笔记，我用学生账号登录，又显示可以添加，麻烦看看呢,无法添加笔记,老师说再看下,2026-02-01,爱英格知成都,,,,67
fb-approval-0277,改写后入库,,student,学生库,学生,使用问题,不处理,账号登录/密码/手机号；作业/布置/批改/反馈；题库/录题/单词书/模考；答题,你好，学生通过共享账号完成模考，提交之后我这边看不见答题情况这是怎么回事？,反馈学生提交作业显示未完成,老师，您可以先确认作业是否已经成功布置、学生是否在对应班级内，以及作业状态是否已提交/已完成；如果状态正常但仍看不到，再提供学生账号和作业链接转人工排查。,2026-06-04,美世教育,,,,67
fb-approval-0278,改写后入库,,teacher,老师库,老师,使用问题,客户未回复,账号登录/密码/手机号；作业/布置/批改/反馈；小程序/公众号/二维码；小程序,您好 网页版已添加上常用作业 但是小程序没体现？麻烦指点下[Salute],小程序上没有显示常用作业（网页端已添加）,老师，您可以先确认作业是否已经成功布置、学生是否在对应班级内，以及作业状态是否已提交/已完成；如果状态正常但仍看不到，再提供学生账号和作业链接转人工排查。,2026-05-09,布谷龙途,,,,67
fb-approval-0279,改写后入库,,student,学生库,学生,使用问题,不处理,账号登录/密码/手机号；音频/录音/听力；答题,老师学生口语练习点开了一直让做声音测试，但是测试一直显示没声音，学生其他软件麦克风功能都是正常的,无法录音,老师，您可以先让学生使用 Chrome 浏览器重新进入，并刷新页面或清理缓存。如果音频超过 15 秒仍未加载，可按页面提示下载音频本地播放；仍不行的话，再提供学生账号、测试链接和截图转人工排查。,2026-03-08,新航道北京,,,,66
fb-approval-0280,改写后入库,,sales,销售库,销售,使用问题,已处理,账号登录/密码/手机号；作业/布置/批改/反馈；题库/录题/单词书/模考；入学模考,18727520460 肖卓玥 麻烦老师看下后台是否有这个卷子,入学模考不显示,登录状态失效导致提交的作业数据没有与学生绑定，预计1.22处理完学生答题数据,2026-01-21,新航道武汉,,,,65
fb-approval-0281,改写后入库,,student,学生库,学生,使用问题,客户未回复,作业/布置/批改/反馈；音频/录音/听力；答题,你好，请问一下学生做托福口语作业，录音过程中显示没办法录了，是什么原因呢,反馈口语无法录音,老师，您可以先让学生使用 Chrome 浏览器重新进入，并刷新页面或清理缓存。如果音频超过 15 秒仍未加载，可按页面提示下载音频本地播放；仍不行的话，再提供学生账号、测试链接和截图转人工排查。,2026-06-09,MHT国际,,,,65
fb-approval-0282,改写后入库,,student,学生库,学生,使用问题,未复现,作业/布置/批改/反馈；音频/录音/听力；答题,还一个问题啊 学生当着面录音的作业 大概2分钟 但是教师系统后台没有显示出来录音时长 点开也木有任何声音…,录音后没有保存上系统,老师，您可以先让学生使用 Chrome 浏览器重新进入，并刷新页面或清理缓存。如果音频超过 15 秒仍未加载，可按页面提示下载音频本地播放；仍不行的话，再提供学生账号、测试链接和截图转人工排查。,2026-05-30,新航道北京,,,,65
fb-approval-0283,改写后入库,,student,学生库,学生,使用问题,客户未回复,作业/布置/批改/反馈；音频/录音/听力；答题,然后我们的冲刺的 第五次后面的听力都不对了，阅读现在还是打不开,音频播放不对,老师，您可以先让学生使用 Chrome 浏览器重新进入，并刷新页面或清理缓存。如果音频超过 15 秒仍未加载，可按页面提示下载音频本地播放；仍不行的话，再提供学生账号、测试链接和截图转人工排查。,2026-04-26,壹思唯,,,,65
fb-approval-0284,改写后入库,,student,学生库,学生,使用问题,不处理,作业/布置/批改/反馈；音频/录音/听力；答题,就最近几次的都是一半开始说,应该是指音频播放卡顿,老师，您可以先让学生使用 Chrome 浏览器重新进入，并刷新页面或清理缓存。如果音频超过 15 秒仍未加载，可按页面提示下载音频本地播放；仍不行的话，再提供学生账号、测试链接和截图转人工排查。,2026-03-26,秒懂,,,,65
fb-approval-0285,改写后入库,,student,学生库,学生,使用问题,不处理,作业/布置/批改/反馈；音频/录音/听力；答题,录音会闪退,雅思录音闪退,老师，您可以先让学生使用 Chrome 浏览器重新进入，并刷新页面或清理缓存。如果音频超过 15 秒仍未加载，可按页面提示下载音频本地播放；仍不行的话，再提供学生账号、测试链接和截图转人工排查。,2026-03-26,秒懂,,,,65
fb-approval-0286,改写后入库,,student,学生库,学生,使用问题,不处理,作业/布置/批改/反馈；音频/录音/听力；答题,技术老师，学生反馈这个作业的第二句放了个开头就没声音了,从视频看像是音频就是这样切割的,老师，您可以先让学生使用 Chrome 浏览器重新进入，并刷新页面或清理缓存。如果音频超过 15 秒仍未加载，可按页面提示下载音频本地播放；仍不行的话，再提供学生账号、测试链接和截图转人工排查。,2026-03-26,Keystone,,,,65
fb-approval-0287,改写后入库,,student,学生库,学生,使用问题,不处理,作业/布置/批改/反馈；音频/录音/听力；答题,你好，刚刚学生反馈说，今天完成这道口语的时候，一直不能跳转到下一题，只能右上角看题进行录音完成，我们是重新布置给她的也是这个问题，但是另外一道题P3的没有这个问题，辛苦看看是什么原因并修复一下,雅思口语无法跳转到下一题,已回复,2026-03-21,曼哈顿国际,,,,65
fb-approval-0288,改写后入库,,student,学生库,学生,操作疑问,客户未回复,作业/布置/批改/反馈；音频/录音/听力；答题,老师好，我系统布置了听力一套题和阅读一套题（分开布置），学生完成听力后，无法进入阅读做题，需要把听力重听一遍才能做阅读【昨天也出现了相同的情况】。麻烦老师看下系统。 听力作业链接： 阅读作业链接：,音频重复播放（还没给到结果页）,老师，您可以先让学生使用 Chrome 浏览器重新进入，并刷新页面或清理缓存。如果音频超过 15 秒仍未加载，可按页面提示下载音频本地播放；仍不行的话，再提供学生账号、测试链接和截图转人工排查。,2026-03-11,新航道济南,,,,65
fb-approval-0289,改写后入库,,student,学生库,学生,使用问题,已处理,作业/布置/批改/反馈；音频/录音/听力；答题,就现在，放一半又重头再来啦,新托福听力音频放到一半后，会重新播放,老师，您可以先让学生使用 Chrome 浏览器重新进入，并刷新页面或清理缓存。如果音频超过 15 秒仍未加载，可按页面提示下载音频本地播放；仍不行的话，再提供学生账号、测试链接和截图转人工排查。,2026-02-28,新航道北京,,,,65
fb-approval-0290,改写后入库,,student,学生库,学生,操作疑问,不处理,作业/布置/批改/反馈；音频/录音/听力；答题,有学生反馈口语第三部分最后几道题没有录音功能，辛苦老师看下～,口语无法录音,老师，您可以先让学生使用 Chrome 浏览器重新进入，并刷新页面或清理缓存。如果音频超过 15 秒仍未加载，可按页面提示下载音频本地播放；仍不行的话，再提供学生账号、测试链接和截图转人工排查。,2026-01-24,新航道北京,,,,65
fb-approval-0291,改写后入库,,student,学生库,学生,使用问题,不处理,作业/布置/批改/反馈；音频/录音/听力；答题,这是什么情况 辛苦技术老师看一下,ipad作答跟读无法录音,老师，您可以先让学生使用 Chrome 浏览器重新进入，并刷新页面或清理缓存。如果音频超过 15 秒仍未加载，可按页面提示下载音频本地播放；仍不行的话，再提供学生账号、测试链接和截图转人工排查。,2026-01-19,秒懂,,,,65
fb-approval-0292,改写后入库,,student,学生库,学生,操作疑问,不处理,作业/布置/批改/反馈；音频/录音/听力；答题,老师，家长反馈托福1小时测试，说口语部分明明标识可以重说，但UI上没有找到按钮,托福没有重新录音的按钮,老师，您可以先让学生使用 Chrome 浏览器重新进入，并刷新页面或清理缓存。如果音频超过 15 秒仍未加载，可按页面提示下载音频本地播放；仍不行的话，再提供学生账号、测试链接和截图转人工排查。,2026-01-10,新航道上海,,,,65
fb-approval-0293,改写后入库,,student,学生库,学生,操作疑问,已处理,账号登录/密码/手机号；浏览器/网络/缓存；登录,您好，学生无法打开系统网址可能是什么原因呢？浏览器用的是谷歌，他说之前都可以，今天突然就打不开了,无法登录系统,已二次,2026-04-12,守壹私塾,,,,65
fb-approval-0294,改写后入库,,student,学生库,学生,使用问题,不处理,账号登录/密码/手机号；浏览器/网络/缓存；答题,Allen，老师这个学生的测试，退出就进不去了,学生使用safari以后，还是会提示登录状态失效,查到学生使用的是微信浏览器,2026-05-05,环球北京,,,,65
fb-approval-0295,改写后入库,,student,学生库,学生,使用问题,未复现,账号登录/密码/手机号；浏览器/网络/缓存；答题,这个平板端操作学生说点了没反应,safari浏览器登录系统后无法答题（ip是对的,已回复客户,2026-04-17,秒懂,,,,65
fb-approval-0296,改写后入库,,student,学生库,学生,使用问题,不处理,账号登录/密码/手机号；浏览器/网络/缓存；答题,之前那个用谷歌浏览器 一直要连接手机的 就是这个 这个怎么解决呀,学生登录系统会要连接麦克风，然后连接到手机麦克风上去了,等老师回复,2026-03-02,秒懂,,,,65
fb-approval-0297,改写后入库,,teacher,老师库,老师,使用问题,不处理,作业/布置/批改/反馈；音频/录音/听力；AI批改,请问，托福实考80分+的学生，新托福测试分数：口语 写作只有7-8分 阅读听力倒正常一些 阅读偏低一点点,新托福AI批改分数较低,教研确认中,2026-02-02,寸心,,,,65
fb-approval-0298,改写后入库,,teacher,老师库,老师,操作疑问,已处理,作业/布置/批改/反馈；音频/录音/听力；题库/录题/单词书/模考；系统题目,您好老师 前几天拿这套听力真题给学生模考的时候 学生反馈Part与Part之间暂停时间非常短,系统题目疑问,看了都是正常的,2026-02-02,亦诺国际,,,,65
fb-approval-0299,改写后入库,,teacher,老师库,老师,使用问题,不处理,账号登录/密码/手机号；浏览器/网络/缓存；答题录屏,这个学生为什么没有答题录屏呀,应该是没有登录,已回复，应该是缓存问题,2026-03-06,Rosso,,,,65
fb-approval-0300,改写后入库,,academic,教务库,教务,使用问题,不处理,账号登录/密码/手机号；班级/排课/课时/考勤；排课,您好，我的账号在用教务系统排课时，界面总是没有反应，能帮我看一下吗？谢谢！,无法排课,录下视频,2026-03-28,派笛教育,,,,64
fb-approval-0301,改写后入库,,student,学生库,学生,操作疑问,已处理,作业/布置/批改/反馈；浏览器/网络/缓存；答题,老师们：现在校校系统可以测试吗？好几个学生 打不开链接 ，要不进去是这样,用的微信浏览器,不确定是不是私有云问题，两个小区反馈了,2026-04-07,新航道西安,,,,64
fb-approval-0302,改写后入库,,teacher,老师库,老师,使用问题,不处理,作业/布置/批改/反馈；浏览器/网络/缓存；AI批改,辛苦帮忙看一下这个显示口语批改失败,AI批改失败（Q1学生未作答）,刷新后显示了,2026-02-02,北京睿途,,,,64
fb-approval-0303,改写后入库,,teacher,老师库,老师,使用问题,不处理,作业/布置/批改/反馈；浏览器/网络/缓存；首页,切换左侧标签仍然没有更新已完成作业,首页切换左侧tab还是不能刷新待办事项,已回复老师，先清理缓存,2026-03-18,承读教育,,,,64
fb-approval-0304,改写后入库,,student,学生库,学生,使用问题,不处理,作业/布置/批改/反馈；班级/排课/课时/考勤；学生作业页面,老师是同一个班级 当时还绑定了校校 但是学生就是看不见老师不知道任务 可以帮忙处理一下嘛,学生在班级里但是收不到作业,老师，您可以先确认作业是否已经成功布置、学生是否在对应班级内，以及作业状态是否已提交/已完成；如果状态正常但仍看不到，再提供学生账号和作业链接转人工排查。,2026-06-01,新航道上海,,,,63
fb-approval-0305,改写后入库,,student,学生库,学生,使用问题,客户未回复,音频/录音/听力；浏览器/网络/缓存；答题,辛苦看一下,IP浏览器都正确，网速没有提示过慢，音频无法加载,老师，您可以先让学生使用 Chrome 浏览器重新进入，并刷新页面或清理缓存。如果音频超过 15 秒仍未加载，可按页面提示下载音频本地播放；仍不行的话，再提供学生账号、测试链接和截图转人工排查。,2026-06-04,秒懂,,,,63
fb-approval-0306,改写后入库,,student,学生库,学生,操作疑问,处理中,音频/录音/听力；浏览器/网络/缓存；答题,口语也是有点问题：要么看到人在说 但没声音，要么就是不允许录制 1.要求学生用谷歌浏览器了 2.也要求ipad用Safari浏览器的 3.要求他们不允许直接点击 要复制黏贴,口语无法录音,老师，您可以先让学生使用 Chrome 浏览器重新进入，并刷新页面或清理缓存。如果音频超过 15 秒仍未加载，可按页面提示下载音频本地播放；仍不行的话，再提供学生账号、测试链接和截图转人工排查。,2026-02-25,有明教育,,,,63
fb-approval-0307,改写后入库,,student,学生库,学生,操作疑问,不处理,音频/录音/听力；浏览器/网络/缓存；答题,老师，我们学生用家里的网络开始学习单词和录音的时候，就是一直显示在测评中，请问这个可以怎么解决啊,从描述看是网络/浏览器问题,已二次,2026-01-10,飞虎,,,,63
fb-approval-0308,改写后入库,,teacher,老师库,老师,使用问题,已处理,作业/布置/批改/反馈；班级/排课/课时/考勤；布置作业页面,老师，这个校校系统今天更新后，布置不了作业，无法选中班级里的学生，是什么情况呀,布置作业界面，不能选择学生了,老师，您可以先确认作业是否已经成功布置、学生是否在对应班级内，以及作业状态是否已提交/已完成；如果状态正常但仍看不到，再提供学生账号和作业链接转人工排查。,2026-03-05,新航道,,,,63
fb-approval-0309,改写后入库,,academic,教务库,教务,操作疑问,已处理,作业/布置/批改/反馈；权限/角色/公池；题库/录题/单词书/模考；员工权限,如何打开权限给 可以让老师布置题库作业给学生，需要切换身份对不,开放题库,等老师发结果页,2026-03-10,立斯立行,,,,62
fb-approval-0310,改写后入库,,student,学生库,家长,使用问题,不处理,作业/布置/批改/反馈；权限/角色/公池；小程序/公众号/二维码；课堂反馈,老师们，我们有个家长反馈没有看到学生上周部分的课后反馈，请问是什么情况吗？她说之前那些都是可以看到的，就上周没看到,课堂反馈家长端小程序看不到,等回复,2026-03-25,BESt学社,,,,62
fb-approval-0311,改写后入库,,student,学生库,学生,使用问题,客户未回复,作业/布置/批改/反馈；权限/角色/公池；答题,系统bug，学生做完题目后再点进去，雅思选择题看不到D选项,老师反馈答题时间看不到选项,未复现，等老师回复,2026-05-25,孚外,,,,62
fb-approval-0312,改写后入库,,teacher,老师库,老师,使用问题,客户未回复,音频/录音/听力；班级/排课/课时/考勤；班级,就班级这一栏点开一直转,班级界面一直在加载,老师，您可以先检查班级课时、学生所在班级和转入班级配置是否完整；如果提示无剩余课时，通常需要先确认目标班级是否设置了总课时。,2026-03-30,寄托,,,,62
fb-approval-0313,改写后入库,,teacher,老师库,老师,使用问题,不处理,音频/录音/听力；班级/排课/课时/考勤；班级,昨天到现在校校的网站在电脑上打开都很慢～,老师端打开班级界面加载慢,老师，您可以先检查班级课时、学生所在班级和转入班级配置是否完整；如果提示无剩余课时，通常需要先确认目标班级是否设置了总课时。,2026-03-25,朴拓教育,,,,62
fb-approval-0314,改写后入库,,teacher,老师库,老师,使用问题,不处理,班级/排课/课时/考勤；权限/角色/公池；学员管理,我校校里面还是没有这个学生,老师和学生在同个班级中，但是老师看不到学生,老师，您可以先检查班级课时、学生所在班级和转入班级配置是否完整；如果提示无剩余课时，通常需要先确认目标班级是否设置了总课时。,2026-01-23,新航道北京,,,,59
fb-approval-0315,改写后入库,,academic,教务库,教务,使用问题,已处理,账号登录/密码/手机号；学生账号,辛苦技术的同事能不能帮我们查一下这个账号是谁建立的，应该是5月5号新建的,老师要查下转正记录,5.07下午17点32分，转正的，操作人：考培事业部-吴安可,2026-05-08,新通,,,,44
fb-approval-0316,改写后入库,,student,学生库,学生,使用问题,,作业/布置/批改/反馈；答题,老师，今天晚上两个情况，第一个就是上面这个学生的问题,反馈答题时会频繁闪退,2.闪退问题让学生把所有后台退出后，再作答作业试下,2026-06-10,新航道西安,,,,43
fb-approval-0317,改写后入库,,student,学生库,学生,使用问题,不处理,作业/布置/批改/反馈；答题,辛苦帮忙看看这个哈,学生无法提交作业（题目还没录入完导致）,老师，您可以先确认作业是否已经成功布置、学生是否在对应班级内，以及作业状态是否已提交/已完成；如果状态正常但仍看不到，再提供学生账号和作业链接转人工排查。,2026-02-05,上海火箭,,,,43
fb-approval-0318,改写后入库,,teacher,老师库,老师,使用问题,已处理,作业/布置/批改/反馈；AI批改,这个学生的所有听译 都无法批改,AI批改失效,精听的AI服务停了，已经重启可以正常使用,2026-06-02,飞虎,,,,43
fb-approval-0319,改写后入库,,teacher,老师库,老师,使用问题,不处理,作业/布置/批改/反馈；AI批改,这个口语批改不出来 辛苦老师看一下,AI批改无法批改,定时任务是 十分钟执行一次 扫描半个小时之前批改的作业 一般等半个小时后会批改失败，目前等老师点击重新批改后再看,2026-01-16,秒懂,,,,43
fb-approval-0320,改写后入库,,teacher,老师库,老师,使用问题,已处理,作业/布置/批改/反馈；布置作业页面,哈喽~想问下系统里【题型训练】这里SAT阅读专项这部分 Information and ldeas/Central ldeas and Details/Hard 少了一题16 找不到了 然后这里知识点对应的题目也有些乱序 可以麻烦帮忙看看吗 学生需要倒计时做题 谢谢,SAT题型训练题目少了,没显示是因为题目没有加知识点，需要教研把知识点加上,2026-05-20,守壹私塾,,,,43
fb-approval-0321,改写后入库,,teacher,老师库,老师,使用问题,不处理,作业/布置/批改/反馈；布置作业页面,麻烦检查一下，冯子畅这个学生，这一套，3月10号布置过一遍这套题， 5月4号又布置了，但是只显示了一次，为什么呢,作业布置次数显示不准确,老师，您可以先确认作业是否已经成功布置、学生是否在对应班级内，以及作业状态是否已提交/已完成；如果状态正常但仍看不到，再提供学生账号和作业链接转人工排查。,2026-05-07,飞虎,,,,43
fb-approval-0322,改写后入库,,teacher,老师库,老师,使用问题,已处理,作业/布置/批改/反馈；布置作业页面,这个学生 我刚看了 还是没有显示 具体我高亮亮,雅思作业布置记录没有显示,老师，您可以先确认作业是否已经成功布置、学生是否在对应班级内，以及作业状态是否已提交/已完成；如果状态正常但仍看不到，再提供学生账号和作业链接转人工排查。,2026-03-12,菁鹰,,,,43
fb-approval-0323,改写后入库,,teacher,老师库,老师,使用问题,不处理,作业/布置/批改/反馈；题库/录题/单词书/模考；单词书,哎，我们这个单词书怎么设在里面这么有问题呢？,从截图看是机构自录单词书没有添加释义导致，但是老师反馈都添加了,源锐的单词还是录入的问题，中文解释就录了一个词性，具体的中文释义都录在了英文解释里面了，代码逻辑上拿中文就只拿到了一个词性，所以他们作业才会显示成这样的,2026-01-27,源锐教育,,,,43
fb-approval-0324,改写后入库,,student,学生库,学生,使用问题,未复现,音频/录音/听力；答题,这个学生的电脑不知道为什么播放校校的音频声音很小,音频声音太小,老师，您可以先让学生使用 Chrome 浏览器重新进入，并刷新页面或清理缓存。如果音频超过 15 秒仍未加载，可按页面提示下载音频本地播放；仍不行的话，再提供学生账号、测试链接和截图转人工排查。,2026-02-12,盎睿博识,,,,42
fb-approval-0325,改写后入库,,student,学生库,学生,使用问题,未复现,音频/录音/听力；答题,老师，这个学生练习的界面,音频缺失,老师，您可以先让学生使用 Chrome 浏览器重新进入，并刷新页面或清理缓存。如果音频超过 15 秒仍未加载，可按页面提示下载音频本地播放；仍不行的话，再提供学生账号、测试链接和截图转人工排查。,2026-01-25,亦诺国际,,,,42
fb-approval-0326,改写后入库,,student,学生库,学生,使用问题,不处理,音频/录音/听力；题库/录题/单词书/模考；答题,老师们 这个模考链接，学生说全部完成了，但我只看到阅读，请老师们帮我确认下[玫瑰][玫瑰],看录屏听力到一半就没有了,老师，您可以先让学生使用 Chrome 浏览器重新进入，并刷新页面或清理缓存。如果音频超过 15 秒仍未加载，可按页面提示下载音频本地播放；仍不行的话，再提供学生账号、测试链接和截图转人工排查。,2026-05-17,孚外,,,,42
fb-approval-0327,改写后入库,,student,学生库,学生,使用问题,不处理,音频/录音/听力；题库/录题/单词书/模考；答题,校校你好，学生今天做模考口语部分反映问题三和问题四是同一个问题的前半部分和后半部分，学生做第三题只听到前面半句，做第四题只听到后面半句，是怎么回事呢？,音频播放问题,老师，您可以先让学生使用 Chrome 浏览器重新进入，并刷新页面或清理缓存。如果音频超过 15 秒仍未加载，可按页面提示下载音频本地播放；仍不行的话，再提供学生账号、测试链接和截图转人工排查。,2026-05-17,曼哈顿国际,,,,42
fb-approval-0328,改写后入库,,academic,教务库,教务,使用问题,不处理,班级/排课/课时/考勤；课消统计,帮忙看下这个问题，好像是个bug，当天排课当天上课，排课记录不推送,已上课没有课消,入班之前的课程需要手动修改下考勤才会计算课消,2026-03-11,高顿紫藤,,,,40
fb-approval-0329,改写后入库,,academic,教务库,教务,使用问题,已处理,账号登录/密码/手机号；学生账号,请问校校系统是更新了么。。。为啥我的校长号和助教号登陆上去变成了学生？,老师账号变成学生帐号了,技术查看未处理,2026-01-02,小蚁教育,,,,38
fb-approval-0330,改写后入库,,student,学生库,家长,使用问题,不处理,账号登录/密码/手机号；登录,老师好，我这边录入了家长手机号码，但是家长登录不了,家长端无法登录,没有输入手机号,2026-05-09,百获教育,,,,38
fb-approval-0331,改写后入库,,student,学生库,学生,使用问题,不处理,账号登录/密码/手机号；登录,校校老师，之前在澳洲的那名学生还是打不开学习网站，但是国内的其他网站是可以使用的，辛苦看一下是什么问题,海外学生无法登录,已回复,2026-03-21,杭州壹橙,,,,38
fb-approval-0332,改写后入库,,student,学生库,学生,使用问题,已处理,账号登录/密码/手机号；登录,老师，有学生用的苹果电脑链接公司的网或者用热点，校校网站登录不进去，要用vpn才可以 想问下这个能解决嘛,无法登录系统,这个是因为dns，让客户自己操作留下,2026-01-31,择藤教育,,,,38
fb-approval-0333,改写后入库,,student,学生库,学生,操作疑问,已处理,账号登录/密码/手机号；登录,我网站为啥打不开,海外学生无法打开系统,未回复,2026-01-20,唯优教育,,,,38
fb-approval-0334,改写后入库,,teacher,老师库,老师,使用问题,不处理,账号登录/密码/手机号；学员管理,老师，请问为啥我在家里用电脑打开系统却没有学生的信息呀,学员列表没有学生,老师登录错网址了,2026-03-01,美世教育,,,,38
fb-approval-0335,改写后入库,,teacher,老师库,老师,使用问题,不处理,账号登录/密码/手机号；登录,请问我的校校账号为什么每次登录都会提示我密码不对呢？,登录提示密码不正确,已回复，等跟老师确认,2026-05-22,新航道邯郸,,,,38
fb-approval-0336,改写后入库,,teacher,老师库,老师,使用问题,客户未回复,账号登录/密码/手机号；登录,今天校校特别慢 平时也不是特别快 这边打开速度能稍微提升一下的话我们学生体验会更好一些 谢谢您,界面打开很慢,已二次确认，等回复,2026-04-11,新航道杭州,,,,38
fb-approval-0337,改写后入库,,teacher,老师库,老师,使用问题,不处理,账号登录/密码/手机号；错题分析,怎么看到错题的部分呀,学生端错题不显示,等老师提供账号,2026-03-03,亦诺国际,,,,38
fb-approval-0338,改写后入库,,student,学生库,学生,使用问题,已处理,作业/布置/批改/反馈；作业大纲,课程大纲里面有 但是作业里面没有 怎回事,作业大纲中已经下发的作业学生没有收到,老师，您可以先确认作业是否已经成功布置、学生是否在对应班级内，以及作业状态是否已提交/已完成；如果状态正常但仍看不到，再提供学生账号和作业链接转人工排查。,2026-04-07,秒懂,,,,37
fb-approval-0339,改写后入库,,student,学生库,学生,使用问题,不处理,作业/布置/批改/反馈；基础训练-单词,你好，现在系统抽词测试英译中的情况下，输入拼音出现无法显示的问题，,反馈作答时输入了拼音字母，在结果页上不显示,倒计时到了,2026-06-10,上海蘑菇,,,,37
fb-approval-0340,改写后入库,,student,学生库,学生,使用问题,不处理,作业/布置/批改/反馈；基础训练-单词,以及还有出现直接自动跳过某些单词的情况,反馈单词作业自动跳过,老师，您可以先确认作业是否已经成功布置、学生是否在对应班级内，以及作业状态是否已提交/已完成；如果状态正常但仍看不到，再提供学生账号和作业链接转人工排查。,2026-06-10,上海蘑菇,,,,37
fb-approval-0341,改写后入库,,student,学生库,学生,使用问题,未复现,作业/布置/批改/反馈；基础训练-单词,老师看下这个是什么情况,ipad单词作业无法输入中文,老师，您可以先确认作业是否已经成功布置、学生是否在对应班级内，以及作业状态是否已提交/已完成；如果状态正常但仍看不到，再提供学生账号和作业链接转人工排查。,2026-01-27,英廷,,,,37
fb-approval-0342,改写后入库,,student,学生库,学生,使用问题,不处理,作业/布置/批改/反馈；学生作业页面,学生端口点开的作业乱码了，就是点的是a作业，但是打开的是b作业 我从老师端口看同一份作业的话是对的，但是她那边打开是错误的,海外学生点击作业标题显示的不是该作业的内容，老师在国内看是正常的,老师，您可以先确认作业是否已经成功布置、学生是否在对应班级内，以及作业状态是否已提交/已完成；如果状态正常但仍看不到，再提供学生账号和作业链接转人工排查。,2026-03-17,秒懂,,,,37
fb-approval-0343,改写后入库,,student,学生库,学生,使用问题,已处理,作业/布置/批改/反馈；答题,这里应该要输入单词，但是他没法输入,反馈无法输入单词,题目格式问题,2026-06-07,上海宾藤,,,,37
fb-approval-0344,改写后入库,,student,学生库,学生,使用问题,已处理,作业/布置/批改/反馈；答题,你好，这次出现了同样的问题，也是自定义作业中，布置写作任务的时候，答题卡无法显示,答题卡无法显示,自定义作业写作题干结果页未显示,2026-06-07,图钉教育,,,,37
fb-approval-0345,改写后入库,,student,学生库,学生,使用问题,不处理,作业/布置/批改/反馈；答题,老师，辛苦帮我看看，学生说是已经完成了的，但我们后台显示是没有做，这是怎么回事嘞,答题提交后系统上没有显示,作业是进行中，还没提交,2026-04-21,美世教育,,,,37
fb-approval-0346,改写后入库,,student,学生库,学生,使用问题,不处理,作业/布置/批改/反馈；答题,另外，另一位同学刚做完雅思阅读，提交了好几次都是显示不成功,作业无法提交,老师，您可以先确认作业是否已经成功布置、学生是否在对应班级内，以及作业状态是否已提交/已完成；如果状态正常但仍看不到，再提供学生账号和作业链接转人工排查。,2026-03-24,UCo,,,,37
fb-approval-0347,改写后入库,,student,学生库,学生,使用问题,不处理,作业/布置/批改/反馈；答题,您好，帮忙查看一下这个是什么原因导致的呀,无法提交作业,老师，您可以先确认作业是否已经成功布置、学生是否在对应班级内，以及作业状态是否已提交/已完成；如果状态正常但仍看不到，再提供学生账号和作业链接转人工排查。,2026-03-16,洒脱教育,,,,37
fb-approval-0348,改写后入库,,student,学生库,学生,使用问题,不处理,作业/布置/批改/反馈；答题,辛苦看一下,作业无法提交,老师，您可以先确认作业是否已经成功布置、学生是否在对应班级内，以及作业状态是否已提交/已完成；如果状态正常但仍看不到，再提供学生账号和作业链接转人工排查。,2026-03-13,秒懂,,,,37
fb-approval-0349,改写后入库,,student,学生库,学生,使用问题,客户未回复,作业/布置/批改/反馈；答题,repeat 為什麼学生一直等都沒有出來題目呀,题目无法显示,等老师回复：作业链接,2026-03-04,秒懂,,,,37
fb-approval-0350,改写后入库,,student,学生库,学生,使用问题,不处理,作业/布置/批改/反馈；答题,这一项单词作业为什么每个单词都会重复一遍,单词会重复两遍,等老师回复,2026-02-09,秒懂,,,,37
fb-approval-0351,改写后入库,,student,学生库,学生,操作疑问,不处理,作业/布置/批改/反馈；答题,老师您好，学生有反馈问题托福新系统的阅读： 1. 填词题好像填完最后一个，会自动跳到第一个空，之前填的好像清除掉了 2. 单个题型点击进入后显示的是整篇文章的所有题型~3.还有做题做完点提交没反应,新托福答题问题,已二次,2026-01-16,新通,,,,37
fb-approval-0352,改写后入库,,student,学生库,学生,使用问题,已处理,作业/布置/批改/反馈；答题,这是作业链接 辛苦技术老师看一下,答题界面闪退,学生ip在日本，让学生转回国内后再试下,2026-01-13,秒懂,,,,37
fb-approval-0353,改写后入库,,student,学生库,学生,使用问题,不处理,作业/布置/批改/反馈；结果页,老师麻烦帮我看一下这个测试：学生那边已提交了显示这个画面,老师端和学生端结果页显示不一致,作业不一致，等老师截图,2026-03-12,新航道北京,,,,37
fb-approval-0354,改写后入库,,student,学生库,学生,使用问题,客户未回复,作业/布置/批改/反馈；结果页,老师，我想问一下系统里面每次学完视频课为什么总是“在进行”状态不能变成完成状态嘞（一点点强迫症哈哈哈）,视频课件作业状态一直是进行中,老师，您可以先确认作业是否已经成功布置、学生是否在对应班级内，以及作业状态是否已提交/已完成；如果状态正常但仍看不到，再提供学生账号和作业链接转人工排查。,2026-03-09,秒懂,,,,37
fb-approval-0355,改写后入库,,student,学生库,学生,使用问题,不处理,作业/布置/批改/反馈；结果页,学生想看到阅读做题时长，我这边后台能通过答题录屏看到，但学生那边能看到嘛？,如何查看答题时长,布置的是题型训练,2026-01-13,新航道上海,,,,37
fb-approval-0356,改写后入库,,student,学生库,学生,使用问题,不处理,作业/布置/批改/反馈；音视频作业,ipad上面课件资料怎么下载,反馈无法下载课件,视频课件没有下载按钮,2026-06-02,秒懂,,,,37
fb-approval-0357,改写后入库,,student,学生库,学生,操作疑问,客户未回复,作业/布置/批改/反馈；题库/录题/单词书/模考；机构题库,下面学生这里出来这样的,反馈机构题库显示不对（新托福）,等老师提供问题截图,2026-06-10,TOEFL PASS,,,,37
fb-approval-0358,改写后入库,,student,学生库,学生,使用问题,不处理,作业/布置/批改/反馈；题库/录题/单词书/模考；答题,学生在做后台布置的作业时（模考模式）雅思阅读的选框都点不了，也不能在原文高亮,不能选择和高亮,已反馈，等老师回复,2026-04-21,考的都会,,,,37
fb-approval-0359,改写后入库,,student,学生库,学生,操作疑问,客户未回复,作业/布置/批改/反馈；题库/录题/单词书/模考；首页,你们这里边把任务栏改变完以后，学生之前的考试记录都没有了，啥也找不到，我们怎么分析以前的问题呢？,老师说学生模考作业没有了，看截图应该是时间筛选导致的,老师，您可以先确认作业是否已经成功布置、学生是否在对应班级内，以及作业状态是否已提交/已完成；如果状态正常但仍看不到，再提供学生账号和作业链接转人工排查。,2026-04-19,北京厚谱,,,,37
fb-approval-0360,改写后入库,,student,学生库,学生,使用问题,不处理,作业/布置/批改/反馈；首页,15900927417 这个学生作业页面显示异常，a作业打开是b作业,学生打开的作业内容和标题不符,老师，您可以先确认作业是否已经成功布置、学生是否在对应班级内，以及作业状态是否已提交/已完成；如果状态正常但仍看不到，再提供学生账号和作业链接转人工排查。,2026-04-21,秒懂,,,,37
fb-approval-0361,改写后入库,,teacher,老师库,老师,使用问题,已处理,作业/布置/批改/反馈；AI作业分析,https://mogubj.xiaosaas.com/org/tpo/tporesult.html?type=1&id=4322&stuid=1064476&teacherid=&xiaov=17741918652603221,ai分析无法生成,技术反馈后端通讯超时断开的问题,2026-03-25,北京蘑菇,,,,37
fb-approval-0362,改写后入库,,teacher,老师库,老师,操作疑问,已处理,作业/布置/批改/反馈；AI批改,https://edu.yimiaodong.com/org/tpo/tporesult.html?id=11281921&stubj=&qid=&teacherid=28530&stuid=258682&wrcd=1&xiaov=2774191865260322这篇邮件写作一直批改中,AI批改一直批改中,半小时后重新批改出来了,2026-04-07,秒懂,,,,37
fb-approval-0363,改写后入库,,teacher,老师库,老师,使用问题,已处理,作业/布置/批改/反馈；AI批改,这个口语批改失败了,新托福口语AI批改失败,重新批改后批改成功了,2026-03-16,秒懂,,,,37
fb-approval-0364,改写后入库,,teacher,老师库,老师,使用问题,已处理,作业/布置/批改/反馈；AI批改,这里的口语和写作的评分是不是有问题？,AI批改分数问题,后台修改过题目内容,2026-01-27,朴拓教育,,,,37
fb-approval-0365,改写后入库,,teacher,老师库,老师,使用问题,已处理,作业/布置/批改/反馈；AI批改,怎么老批改失败,AI批改失败（Elysia老师）,常规AI批改问题，不是bug,2026-01-08,秒懂,,,,37
fb-approval-0366,改写后入库,,teacher,老师库,老师,使用问题,已处理,作业/布置/批改/反馈；作业大纲,这个写作2的讲义，为什么一直没法下发到今天呀，设置了今天的日期下发，一直显示wrong,作业大纲无法下发,老师，您可以先确认作业是否已经成功布置、学生是否在对应班级内，以及作业状态是否已提交/已完成；如果状态正常但仍看不到，再提供学生账号和作业链接转人工排查。,2026-04-03,秒懂,,,,37
fb-approval-0367,改写后入库,,teacher,老师库,老师,使用问题,客户未回复,作业/布置/批改/反馈；作业管理页面,老师好 学生今天系统里作业进去做不了,学生无法打开作业界面,老师，您可以先确认作业是否已经成功布置、学生是否在对应班级内，以及作业状态是否已提交/已完成；如果状态正常但仍看不到，再提供学生账号和作业链接转人工排查。,2026-03-27,智成教育,,,,37
fb-approval-0368,改写后入库,,teacher,老师库,老师,使用问题,已处理,作业/布置/批改/反馈；作业管理页面,你好，麻烦帮忙查看一下昨天0102是否教师【yeelin ma】有布置过作业给学生【陈俊熹托福辅课】。 因为之前也出现过几次我确实有布置过作业，但是进去【学员】查看，并没有显示的情况。谢谢,没有不知作业,老师，您可以先确认作业是否已经成功布置、学生是否在对应班级内，以及作业状态是否已提交/已完成；如果状态正常但仍看不到，再提供学生账号和作业链接转人工排查。,2026-01-03,BESt学社,,,,37
fb-approval-0369,改写后入库,,teacher,老师库,老师,操作疑问,客户未回复,作业/布置/批改/反馈；基础训练-单词,单词自动批改的逻辑是什么呀，一个字重复也算对么,单词批改错误,已二次确认,2026-03-28,上海蘑菇,,,,37
fb-approval-0370,改写后入库,,teacher,老师库,老师,使用问题,已处理,作业/布置/批改/反馈；基础训练-单词,老师这问题还存在,布置单词作业不能自动生成作业名称,老师，您可以先确认作业是否已经成功布置、学生是否在对应班级内，以及作业状态是否已提交/已完成；如果状态正常但仍看不到，再提供学生账号和作业链接转人工排查。,2026-03-14,独课,,,,37
fb-approval-0371,改写后入库,,teacher,老师库,老师,操作疑问,已处理,作业/布置/批改/反馈；基础训练-单词,你好，我们学生之前布置每天50个觉得多 要我改成30个,取消多次单词作业,老师，您可以先确认作业是否已经成功布置、学生是否在对应班级内，以及作业状态是否已提交/已完成；如果状态正常但仍看不到，再提供学生账号和作业链接转人工排查。,2026-03-12,心教育,,,,37
fb-approval-0372,改写后入库,,teacher,老师库,老师,使用问题,不处理,作业/布置/批改/反馈；小程序/公众号/二维码；小程序,反馈一个小问题，老师上完课用手机小程序写课堂反馈，这个体验希望能改善一下，选取文字或者修改文字过程都很艰难,手机端小程序填写课堂反馈操作不流畅,等老师回复,2026-01-28,立斯立行,,,,37
fb-approval-0373,改写后入库,,teacher,老师库,老师,操作疑问,已处理,作业/布置/批改/反馈；布置作业页面,好的 但是这套题多了一个Module，是录入的时候有问题吗,SAT读写有三个module,后台标记处理,2026-05-18,乐度国际,,,,37
fb-approval-0374,改写后入库,,teacher,老师库,老师,使用问题,不处理,作业/布置/批改/反馈；布置作业页面,老师，我记得之前有学习模式，现在是没有了吗？,多次单词作业在布置作业界面上没有显示学习模式，但实际上好像是有的,老师，您可以先确认作业是否已经成功布置、学生是否在对应班级内，以及作业状态是否已提交/已完成；如果状态正常但仍看不到，再提供学生账号和作业链接转人工排查。,2026-05-12,渊学通,,,,37
fb-approval-0375,改写后入库,,teacher,老师库,老师,使用问题,已处理,作业/布置/批改/反馈；布置作业页面,早上好。这个题目筛选貌似出了点问题,知识点还没有跑完引起的,知识点处理完以后反馈,2026-03-25,一则,,,,37
fb-approval-0376,改写后入库,,teacher,老师库,老师,使用问题,已处理,作业/布置/批改/反馈；布置作业页面,就是赛达分类的题。 每一个类别现在只有几个题了。 要不就是没有题了。,SAT题目不能显示（知识点没跑完）,知识点没跑完,2026-03-23,成外国际部,,,,37
fb-approval-0377,改写后入库,,teacher,老师库,老师,使用问题,已处理,作业/布置/批改/反馈；布置作业页面,这个问题解决了吗 我目前看 吴孟远的账户 还是没显示的,布置记录没有显示,等老师回复,2026-03-11,菁鹰,,,,37
fb-approval-0378,改写后入库,,teacher,老师库,老师,使用问题,客户未回复,作业/布置/批改/反馈；布置作业页面,请问一下，系统更新之后，之前给学生布置的作业的记录是都清除了么？,雅思/托福，之前的作业布置记录消失了,老师，您可以先确认作业是否已经成功布置、学生是否在对应班级内，以及作业状态是否已提交/已完成；如果状态正常但仍看不到，再提供学生账号和作业链接转人工排查。,2026-03-05,拓格教育,,,,37
fb-approval-0379,改写后入库,,teacher,老师库,老师,使用问题,已处理,作业/布置/批改/反馈；知识点,您好，布置作业里面的【题型训练】，题型筛选有错误。我选的目的题，出来了好几个插入题和推理题,新托福题型筛选不准确,@李璐 处理,2026-04-18,新航道北京,,,,37
fb-approval-0380,改写后入库,,teacher,老师库,老师,使用问题,不处理,作业/布置/批改/反馈；答题录屏,校校您好，这个答题记录转半天，直接卡了，帮忙看看什么问题？,答题录屏导致卡顿闪退,测试反馈可能是视频比较大导致的,2026-04-29,曼哈顿国际,,,,37
fb-approval-0381,改写后入库,,teacher,老师库,老师,使用问题,不处理,作业/布置/批改/反馈；答题录屏,麻烦帮忙看一下这份作业，答题时间真的只有这么短么,答题时间疑问,看单题答题时长是对的,2026-03-16,新航道杭州,,,,37
fb-approval-0382,改写后入库,,teacher,老师库,老师,使用问题,处理中,作业/布置/批改/反馈；系统题目,这些能再往上移吗，是指数，现在这样我怕学生看着像直接乘以,反馈SAT指数显示不明显,李璐确认,2026-06-02,有明教育,,,,37
fb-approval-0383,改写后入库,,teacher,老师库,老师,使用问题,不处理,作业/布置/批改/反馈；系统题目,您好，我们发现系统自动生成的单词题有错误，这个可以修改吗？,题目错误,和老师反馈过了,2026-03-29,海归湾,,,,37
fb-approval-0384,改写后入库,,teacher,老师库,老师,使用问题,客户未回复,作业/布置/批改/反馈；结果页,正确率系统无法自行核对,反馈听翻无法计算正确率,等老师提供结果页,2026-06-09,乐普思,,,,37
fb-approval-0385,改写后入库,,teacher,老师库,老师,操作疑问,处理中,作业/布置/批改/反馈；结果页,老师好，麻烦看一下这个学生的口语评分是怎么得出来的，TI四个题目分别是2，1，0，1 但系统给分3.5。谢谢,反馈分数不准确,李璐确认,2026-06-06,新航道北京,,,,37
fb-approval-0386,改写后入库,,teacher,老师库,老师,操作疑问,已处理,作业/布置/批改/反馈；结果页,校校您好！老师端反馈：系统更新过后有个智能评分，手动输入每项小分，但是不知道为什么最后打分对不上，比如这个LR评分，每项都输入5.5，但是系统自动打成LR6.0，请问是怎么回事呢,雅思分数问题,李璐确认,2026-05-28,曼哈顿国际,,,,37
fb-approval-0387,改写后入库,,teacher,老师库,老师,使用问题,未复现,作业/布置/批改/反馈；结果页,学生说不改语法错误了,基础语法批改没有显示,等回复,2026-03-13,琢思未来,,,,37
fb-approval-0388,改写后入库,,teacher,老师库,老师,使用问题,客户未回复,作业/布置/批改/反馈；结果页,两位老师，我在校校上批改学生托福口语作业时，明明已经在题目界面做了各维度的分数修改，但考试结果界面的总分数却没有同步修改，每次都得手动更改成绩，这个能改善吗？,结果页分数没有修改同步,等老师提供结果页,2026-03-08,新航道北京,,,,37
fb-approval-0389,改写后入库,,teacher,老师库,老师,使用问题,不处理,作业/布置/批改/反馈；结果页,现在系统是不给改写作的语法错误了么,没有语法批改,客户回复已经好了,2026-03-07,琢思未来,,,,37
fb-approval-0390,改写后入库,,teacher,老师库,老师,使用问题,不处理,作业/布置/批改/反馈；结果页,正常应该我选中之后就可以直接写评语或者改正的 之前都是这样的 现在没有那些选项了,结果页无法批改,等老师回复,2026-02-27,琢思未来,,,,37
fb-approval-0391,改写后入库,,teacher,老师库,老师,操作疑问,不处理,作业/布置/批改/反馈；结果页,老师，学生都提交了，但是还是显示进行中，是什么情况呀？,学生提交作业后结果页显示进行中,老师，您可以先确认作业是否已经成功布置、学生是否在对应班级内，以及作业状态是否已提交/已完成；如果状态正常但仍看不到，再提供学生账号和作业链接转人工排查。,2026-01-26,新航道武汉,,,,37
fb-approval-0392,改写后入库,,teacher,老师库,老师,使用问题,不处理,作业/布置/批改/反馈；结果页,老师，新托福口语0-5和0-30的转换细则可以看一下吗？ 学生两个部分分别是3和3.5，总分显示只有11,新托福分数转换问题,批改老师修改了分数,2026-01-19,新航道上海,,,,37
fb-approval-0393,改写后入库,,teacher,老师库,老师,使用问题,已处理,作业/布置/批改/反馈；结果页,这个链接小作文没有批改框，麻烦处理一下谢谢,作文批改框问题,有道批改失败导致，需要技术重新提交,2026-01-05,曼哈顿国际,,,,37
fb-approval-0394,改写后入库,,teacher,老师库,老师,操作疑问,已处理,作业/布置/批改/反馈；题库/录题/单词书/模考；布置作业页面,hello想问一下 给学生布置雅思模考 从哪边进去呢？,如何布置作业,老师，您可以先确认作业是否已经成功布置、学生是否在对应班级内，以及作业状态是否已提交/已完成；如果状态正常但仍看不到，再提供学生账号和作业链接转人工排查。,2026-06-06,骐绩国际,,,,37
fb-approval-0395,改写后入库,,teacher,老师库,老师,操作疑问,已处理,作业/布置/批改/反馈；题库/录题/单词书/模考；布置作业页面,你好，我现在在组一套新托福阅读题，选了 router 和 upper module 的题目，并把整套卷子的总时长设置为 18 分钟。但在预览时发现：系统会自动把 router 题分到 M1（18分钟），而 upper module 题分到 M2（也单独计时18分钟），导致整套题被拆成两个模块。但我的需求是：希望所有题目合并在同一个模块（M1）中，并共享总时长18分钟。请问这种情况应该如何设置或调整？,要能设置总共试卷的时长,需要再确认下布置逻辑,2026-04-16,承读教育,,,,37
fb-approval-0396,改写后入库,,teacher,老师库,老师,操作疑问,已处理,作业/布置/批改/反馈；题库/录题/单词书/模考；布置作业页面,老师好，我这边校校上布置学生作业模考，已经选好了的一个科目试题切换到选择其他科目的时候原本选好的就没有了是什么情况呢,切换科目后题目消失,已二次,2026-04-12,中鼎,,,,37
fb-approval-0397,改写后入库,,teacher,老师库,老师,使用问题,不处理,作业/布置/批改/反馈；题库/录题/单词书/模考；布置作业页面,咱们系统里的ap题我们不能用吗,题库关联后作业布置界面还是不能选择模考测试,老师，您可以先确认作业是否已经成功布置、学生是否在对应班级内，以及作业状态是否已提交/已完成；如果状态正常但仍看不到，再提供学生账号和作业链接转人工排查。,2026-03-27,睿臻,,,,37
fb-approval-0398,改写后入库,,teacher,老师库,老师,使用问题,不处理,作业/布置/批改/反馈；题库/录题/单词书/模考；布置作业页面,请问现在词库是没有搜索功能了吗？,布置作业界面不显示单词书搜索框,老师，您可以先确认作业是否已经成功布置、学生是否在对应班级内，以及作业状态是否已提交/已完成；如果状态正常但仍看不到，再提供学生账号和作业链接转人工排查。,2026-03-17,百获教育,,,,37
fb-approval-0399,改写后入库,,teacher,老师库,老师,操作疑问,客户未回复,作业/布置/批改/反馈；题库/录题/单词书/模考；布置作业页面,老师，新托福题库是有bug嘛？这种情况已经发现好几次啦：选择题目的时候明明勾选了，但一点击“布置”按钮，已勾选的部分题目却布置不上，这是怎么回事呀？,作业勾选了但是无法布置,老师，您可以先确认作业是否已经成功布置、学生是否在对应班级内，以及作业状态是否已提交/已完成；如果状态正常但仍看不到，再提供学生账号和作业链接转人工排查。,2026-03-12,新航道,,,,37
fb-approval-0400,改写后入库,,teacher,老师库,老师,使用问题,已处理,作业/布置/批改/反馈；题库/录题/单词书/模考；布置作业页面,还有一个是现在“模考测试”点进去，剑雅的题库没有了,模考测试筛选“剑桥雅思”后，不会显示题目，要再筛选一次具体序号,更新引起的问题,2026-03-12,硕果国际,,,,37
fb-approval-0401,改写后入库,,teacher,老师库,老师,使用问题,已处理,作业/布置/批改/反馈；题库/录题/单词书/模考；机构题库,为什么我们手机不能布置机构题库,机构题库无法布置作业,老师，您可以先确认作业是否已经成功布置、学生是否在对应班级内，以及作业状态是否已提交/已完成；如果状态正常但仍看不到，再提供学生账号和作业链接转人工排查。,2026-03-12,Vantage,,,,37
fb-approval-0402,改写后入库,,teacher,老师库,老师,使用问题,已处理,作业/布置/批改/反馈；题库/录题/单词书/模考；机构题库,李老师好，系统里的新托福篇章跟读是临时下架了吗,机构题库无法布置作业,老师，您可以先确认作业是否已经成功布置、学生是否在对应班级内，以及作业状态是否已提交/已完成；如果状态正常但仍看不到，再提供学生账号和作业链接转人工排查。,2026-03-12,南京学了么,,,,37
fb-approval-0403,改写后入库,,teacher,老师库,老师,操作疑问,客户未回复,作业/布置/批改/反馈；题库/录题/单词书/模考；结果页,另外我们机构题库里面布置阅读题,老师端打不开结果页,已二次,2026-04-19,壹思唯,,,,37
fb-approval-0404,改写后入库,,teacher,老师库,老师,使用问题,客户未回复,作业/布置/批改/反馈；题库/录题/单词书/模考；结果页,老师好 布置模考的时候明明没有显示答案，但是学生的页面为什么能看到正确答案？,选择了隐藏答案，结果页选项会显示正确答案的绿色,问老师要结果页链接,2026-04-06,壹思唯,,,,37
fb-approval-0405,改写后入库,,teacher,老师库,老师,使用问题,不处理,作业/布置/批改/反馈；题库/录题/单词书/模考；结果页,请问一下 校校模考批改界面没有显示ai批改怎么办呀？,老师说分数没有批改出来,看了是有分数,2026-03-21,新航道,,,,37
fb-approval-0406,改写后入库,,teacher,老师库,老师,使用问题,不处理,作业/布置/批改/反馈；题库/录题/单词书/模考；结果页,这俩是学生的试卷链接 没办法做批注,作文不能手动批改,我试了试可以批注的,2026-03-15,琢思未来,,,,37
fb-approval-0407,改写后入库,,student,学生库,学生,使用问题,未复现,音频/录音/听力；答题,辛苦看一下听力音频播放不全的问题,学生开VPN了(下午关了vpn以后还是卡顿，但是有好转一点,回复了老师,2026-03-27,秒懂,,,,36
fb-approval-0408,改写后入库,,student,学生库,学生,操作疑问,客户未回复,音频/录音/听力；答题,老师我这个录音的功能好像有点异常,无法录音,老师，您可以先让学生使用 Chrome 浏览器重新进入，并刷新页面或清理缓存。如果音频超过 15 秒仍未加载，可按页面提示下载音频本地播放；仍不行的话，再提供学生账号、测试链接和截图转人工排查。,2026-03-24,秒懂,,,,36
fb-approval-0409,改写后入库,,student,学生库,学生,使用问题,不处理,音频/录音/听力；答题,学生说还是不行 她在新加坡 不知道是否在国外有影响,海外学生音频无法加载,老师，您可以先让学生使用 Chrome 浏览器重新进入，并刷新页面或清理缓存。如果音频超过 15 秒仍未加载，可按页面提示下载音频本地播放；仍不行的话，再提供学生账号、测试链接和截图转人工排查。,2026-03-24,洒脱教育,,,,36
fb-approval-0410,改写后入库,,student,学生库,学生,使用问题,客户未回复,音频/录音/听力；答题,老师您好，孩子做雅思听力测试的时候中途电脑没电关机退出了，重新进入之后，听力Part4还没有播放就自动提交了，这是什么原因啊,音频没有播放完毕就自动提交了,老师，您可以先让学生使用 Chrome 浏览器重新进入，并刷新页面或清理缓存。如果音频超过 15 秒仍未加载，可按页面提示下载音频本地播放；仍不行的话，再提供学生账号、测试链接和截图转人工排查。,2026-03-08,新航道北京,,,,36
fb-approval-0411,改写后入库,,student,学生库,学生,使用问题,已处理,音频/录音/听力；答题,麦也是正常开通的 电脑的声音也测试过了也正常,无法录音,老师，您可以先让学生使用 Chrome 浏览器重新进入，并刷新页面或清理缓存。如果音频超过 15 秒仍未加载，可按页面提示下载音频本地播放；仍不行的话，再提供学生账号、测试链接和截图转人工排查。,2026-03-02,竞知学堂,,,,36
fb-approval-0412,改写后入库,,student,学生库,学生,使用问题,已处理,音频/录音/听力；答题,学生还在做题，刚选了一个就重新放录音了,答题过程中音频会重复播放,老师，您可以先让学生使用 Chrome 浏览器重新进入，并刷新页面或清理缓存。如果音频超过 15 秒仍未加载，可按页面提示下载音频本地播放；仍不行的话，再提供学生账号、测试链接和截图转人工排查。,2026-02-24,新航道北京,,,,36
fb-approval-0413,改写后入库,,student,学生库,学生,使用问题,不处理,音频/录音/听力；答题,老师们 新托福的听力这边经常会出现音频还没放完就出题的情况，请问这个问题最近会被解决吗,学生自身问题,技术查看未处理,2026-01-05,独课,,,,36
fb-approval-0414,改写后入库,,student,学生库,学生,使用问题,不处理,音频/录音/听力；题库/录题/单词书/模考；单词书,您好，学生在手机端做单词测试时为什么经常会出现听力单词没有音频呢,词组没有音频,老师，您可以先让学生使用 Chrome 浏览器重新进入，并刷新页面或清理缓存。如果音频超过 15 秒仍未加载，可按页面提示下载音频本地播放；仍不行的话，再提供学生账号、测试链接和截图转人工排查。,2026-03-25,深圳英卓,,,,36
fb-approval-0415,改写后入库,,teacher,老师库,老师,使用问题,已处理,音频/录音/听力；知识点,老师，还是很多分类错的。 听力部分，这些conversation都分成了听答选择,新托福知识点分类错误,@李璐 处理,2026-04-12,飞虎,,,,36
fb-approval-0416,改写后入库,,teacher,老师库,老师,使用问题,,音频/录音/听力；系统题目,您好，打扰了，新托福口语 - 样题第2套的listen and repeat 题型的音频有问题，7句话音量大小不一，请问可以检查调整下么？总体上学生反应说listen and repeat的音量偏小,音频问题,老师，您可以先让学生使用 Chrome 浏览器重新进入，并刷新页面或清理缓存。如果音频超过 15 秒仍未加载，可按页面提示下载音频本地播放；仍不行的话，再提供学生账号、测试链接和截图转人工排查。,2026-06-06,超级学长,,,,36
fb-approval-0417,改写后入库,,teacher,老师库,老师,使用问题,已处理,音频/录音/听力；系统题目,辛苦教研老师看一下,题目更换以后听力原文需要重新生成,老师，您可以先让学生使用 Chrome 浏览器重新进入，并刷新页面或清理缓存。如果音频超过 15 秒仍未加载，可按页面提示下载音频本地播放；仍不行的话，再提供学生账号、测试链接和截图转人工排查。,2026-04-23,秒懂,,,,36
fb-approval-0418,改写后入库,,teacher,老师库,老师,操作疑问,客户未回复,音频/录音/听力；系统题目,你好，学生反映听力做的时候音频很卡，请问可以排查一下原因吗？,听力音频卡顿,老师，您可以先让学生使用 Chrome 浏览器重新进入，并刷新页面或清理缓存。如果音频超过 15 秒仍未加载，可按页面提示下载音频本地播放；仍不行的话，再提供学生账号、测试链接和截图转人工排查。,2026-04-11,大兵国际,,,,36
fb-approval-0419,改写后入库,,teacher,老师库,老师,操作疑问,已处理,音频/录音/听力；系统题目,那有没有可能是他们的那套题音频音频质量没有问题,音频模糊/卡顿,老师，您可以先让学生使用 Chrome 浏览器重新进入，并刷新页面或清理缓存。如果音频超过 15 秒仍未加载，可按页面提示下载音频本地播放；仍不行的话，再提供学生账号、测试链接和截图转人工排查。,2026-02-02,GE-Elite,,,,36
fb-approval-0420,改写后入库,,teacher,老师库,老师,操作疑问,已处理,音频/录音/听力；系统题目,新托福的音频都是美音吗,新托福音频口音,老师，您可以先让学生使用 Chrome 浏览器重新进入，并刷新页面或清理缓存。如果音频超过 15 秒仍未加载，可按页面提示下载音频本地播放；仍不行的话，再提供学生账号、测试链接和截图转人工排查。,2026-01-30,throughout,,,,36
fb-approval-0421,改写后入库,,teacher,老师库,老师,使用问题,不处理,音频/录音/听力；题库/录题/单词书/模考；单词书,校校助理好，我们雅思听力语料库这本单词书，单词复数英式发音基本上都有，但是美式发音就会有好几个没有s,有部分复数单词的s没有发音,客户未回复,2026-02-28,曼哈顿国际,,,,36
fb-approval-0422,改写后入库,,teacher,老师库,老师,操作疑问,已处理,音频/录音/听力；题库/录题/单词书/模考；机构题库,我们机构题库的冲刺2 的听力音频 是有错位的,等老师回复,已二次确认,2026-03-30,壹思唯,,,,36
fb-approval-0423,改写后入库,,teacher,老师库,老师,使用问题,已处理,音频/录音/听力；题库/录题/单词书/模考；知识点,以及目前新托福中的题型分类，不知道咱们这边是做到什么阶段了。 我目前在题库里看到标的好多是不对的。 听力中response 题 有标注成 细节题，目的题等各种题型的。所以想问一下，咱们这个添加知识点，是人还是AI操作的呢,新托福知识点,新托福知识点,2026-03-27,飞虎,,,,36
fb-approval-0424,改写后入库,,teacher,老师库,老师,使用问题,不处理,音频/录音/听力；题库/录题/单词书/模考；题库,老师，我们看到系统界面更新了。但是雅思题目貌似丢失了部分，包括真题汇编的听力部分，以及我们提供的26套听力题,雅思题目有部分不见了,等老师回复,2026-03-05,百获教育,,,,36
fb-approval-0425,改写后入库,,student,学生库,学生,操作疑问,客户未回复,浏览器/网络/缓存；答题,点了确认一直是这个状态,看着像浏览器或者网络问题,已二次,2026-04-18,新航道上海,,,,35
fb-approval-0426,改写后入库,,teacher,老师库,老师,使用问题,不处理,浏览器/网络/缓存；答题录屏,老师们，这个学生答题录频情况后台只有一小部分，不完整，麻烦看下是啥原因哦,答题录屏不完整,使用edge浏览器,2026-03-07,NewWay,,,,35
fb-approval-0427,改写后入库,,teacher,老师库,老师,使用问题,已处理,浏览器/网络/缓存；结果页,这个填空所有的题目学术都填了，但是它显示没有填 用的也是谷歌的浏览器 这个问题好像也不止一次了。,学生作答后结果页没有显示,学生数据处理了，具体原因还不确认,2026-03-05,秒懂,,,,35
fb-approval-0428,改写后入库,,academic,教务库,教务,使用问题,已处理,班级/排课/课时/考勤；智能排课,老师您好，排课的上课时长可以改动吗？目前想设置40分钟一节课,智能排课上课时长没有40分钟,老师，您可以先检查班级课时、学生所在班级和转入班级配置是否完整；如果提示无剩余课时，通常需要先确认目标班级是否设置了总课时。,2026-02-28,奇迹说,,,,34
fb-approval-0429,改写后入库,,academic,教务库,教务,使用问题,未复现,班级/排课/课时/考勤；班级,我想问下这个班级里面 超时这个筛选 好像不是很全 这个逻辑是啥呢,超时的班级筛选后不显示,老师，您可以先检查班级课时、学生所在班级和转入班级配置是否完整；如果提示无剩余课时，通常需要先确认目标班级是否设置了总课时。,2026-05-04,Keystone,,,,34
fb-approval-0430,改写后入库,,academic,教务库,教务,使用问题,已处理,班级/排课/课时/考勤；课消统计,已经修改好的，但是仍然没有记录，帮忙看下是哪儿的操作问题呗，或是帮忙看下， 如果建立班级排课，课消后，修改课程类型变更，能把已消耗的部分数据也能更新进去伟新课程类型吗。,修改考勤后还是没有课消,有课消,2026-03-12,高顿紫藤,,,,34
fb-approval-0431,改写后入库,,teacher,老师库,老师,操作疑问,已处理,权限/角色/公池；小程序/公众号/二维码；小程序,你好，请问我用小程序登陆，怎么切换身份,小程序无法切换身份,已二次,2026-01-06,图钉教育,,,,33
fb-approval-0432,改写后入库,,teacher,老师库,老师,使用问题,不处理,权限/角色/公池；题库/录题/单词书/模考；机构题库,老师，你好，这个机构题库，我们录入的时候，点击了共享，但是，在共享试卷里看不到,老师看不到共享试卷,等老师回复,2026-02-24,楹冠国际,,,,33
fb-approval-0433,改写后入库,,sales,销售库,销售,使用问题,不处理,权限/角色/公池；题库/录题/单词书/模考；入学模考,于子婷这个学生现在查不到了，辛苦帮忙看下，刚才还有呢,公池里没有搜索到学生入学模考结果,老师，这个一般和账号角色或权限有关。您可以先确认当前账号是否有对应功能权限；如果需要让其他角色查看，需要在权限配置里开通对应模块。,2026-01-19,中鼎,,,,31
fb-approval-0434,改写后入库,,sales,销售库,销售,操作疑问,客户未回复,浏览器/网络/缓存；题库/录题/单词书/模考；入学模考,老师，请问我们的入学模考推荐人怎么都没有啦？,估计是浏览器/网址问题，等回复,已二次确认,2026-03-29,孚外教育,,,,27
fb-approval-0435,改写后入库,,teacher,老师库,老师,使用问题,未复现,作业/布置/批改/反馈；布置作业页面,请问今天是升级改版了吗？托福阅读部分也到处都是错误,点击不同链接，点开都是同一篇文章,未复现,2026-03-05,新航道北京,,,,27
fb-approval-0436,改写后入库,,sales,销售库,销售,使用问题,不处理,权限/角色/公池；公池,你好，是不是校校的手机端，现在没有资源搜索功能了？,公池没有搜索按钮了,老师，这个一般和账号角色或权限有关。您可以先确认当前账号是否有对应功能权限；如果需要让其他角色查看，需要在权限配置里开通对应模块。,2026-03-09,朗思教育,,,,25
fb-approval-0437,改写后入库,,sales,销售库,销售,使用问题,不处理,权限/角色/公池；题库/录题/单词书/模考；入学模考,是不同的试卷，一个词汇量测试，一个雅思模考，学生说都答了，但是看不到雅思模考那份,学生作答了两份入学模考，只能看到一份,没有查到作答记录,2026-01-20,东西方,,,,25
fb-approval-0438,改写后入库,,student,学生库,学生,使用问题,不处理,题库/录题/单词书/模考；答题,老师，您好，家长校校系统的链接登陆后 没办法测试，请问怎么解决一下呢,入学模考链接无法打开,试了是可以进入的，让老师那边复制链接再试试,2026-04-07,新航道北京,,,,14
fb-approval-0439,改写后入库,,student,学生库,学生,使用问题,不处理,客户端,你们的app不行,客户端无法更新,等回复,2026-06-05,亿希教育,,,,8
fb-approval-0440,改写后入库,,student,学生库,学生,操作疑问,处理中,答题,答题过程中，可以和 SAT 一样highlight吗,GRE是否可以highlight,李璐确认,2026-06-03,飞虎,,,,8
fb-approval-0441,改写后入库,,student,学生库,学生,使用问题,不处理,答题,老师们 这个咋回事儿呀,新托福写作题点击next无效,等回复,2026-05-08,孚外教育,,,,8
fb-approval-0442,改写后入库,,student,学生库,学生,使用问题,已处理,答题,学生洁面一直出现这个是什么原因？,学生答题界面显示 检测到用户无操作，暂停录屏,取消提示,2026-04-01,菁鹰,,,,8
fb-approval-0443,改写后入库,,student,学生库,学生,使用问题,不处理,答题,有个单词生物的相关的，我在平板上读收不到音,单词没有发音,录视频,2026-03-31,秒懂,,,,8
fb-approval-0444,改写后入库,,student,学生库,学生,操作疑问,客户未回复,答题,请帮忙看一下这个海外学生的账户为什么一直崩溃？,海外学生无法使用,已二次确认,2026-03-31,北京至简,,,,8
fb-approval-0445,改写后入库,,student,学生库,学生,使用问题,不处理,答题,老师 那个口语复述题 为啥我说完它就卡顿了,新托福口语卡顿无法进行下一步,学生用的Safari,2026-03-21,秒懂,,,,8
fb-approval-0446,改写后入库,,student,学生库,学生,使用问题,未复现,答题,最近很多这种口语题做不了的,新托福repeat题无法作答,老师后续未回复,2026-03-19,秒懂,,,,8
fb-approval-0447,改写后入库,,student,学生库,学生,使用问题,客户未回复,答题,校校系统上，写作在写的过程中，如果单词拼错了，系统会给下划线标出来，这个可以取消吗？ 因为真考的时候系统是不会提醒拼写错误的，学生平常养成了依赖系统提醒的问题 考试不好改,作文会显示红色波浪线,等回复,2026-03-15,浙江澜大,,,,8
fb-approval-0448,改写后入库,,student,学生库,学生,操作疑问,客户未回复,答题,剑桥雅思真题阅读13-3-3 29题A选项选不了，这一个区域跟别的颜色也不一样,未回复,已二次,2026-03-14,新航道武汉,,,,8
fb-approval-0449,改写后入库,,student,学生库,学生,使用问题,客户未回复,答题,平板用safari 为什么会出现这个情况,新托福ipad safari无法正常完成complete the words,等老师发录屏,2026-03-11,秒懂,,,,8
fb-approval-0450,改写后入库,,student,学生库,学生,使用问题,不处理,答题,老师好 是不是如果SAT套题练习 我们不设置限时模式 学生做题的时候看到的倒计时是不动的呀,SAT倒计时没有反应,题型训练,2026-03-04,东西方,,,,8
fb-approval-0451,改写后入库,,student,学生库,学生,操作疑问,已处理,答题,老师，托福academic talk目前一道题是给60秒钟时间，是不是太多了？,新托福答题时间,@李璐 确认,2026-01-24,新航道北京,,,,8
fb-approval-0452,改写后入库,,student,学生库,学生,使用问题,不处理,结果页,老师您好，刚刚学生用有鱼1号登陆作题，提交之后记录全都没有了，辛苦您这边帮忙看看是什么情况呀,答题记录全部消失了,查了数据学生只有3个题目有提交,2026-04-04,有鱼,,,,8
fb-approval-0453,改写后入库,,student,学生库,学生,使用问题,未复现,结果页,老師～我錄製起來了，今天是第10題，我拖進去的單詞沒有顯示（雖然我寫錯了[骷髅],结果页没有显示学生填写的答案,未复现，发给技术确认中,2026-03-14,秒懂,,,,8
fb-approval-0454,改写后入库,,student,学生库,学生,操作疑问,客户未回复,结果页,学生选了，系统没有显示,结果页没有显示学生答案,已二次,2026-03-14,至真国际,,,,8
fb-approval-0455,改写后入库,,student,学生库,学生,使用问题,不处理,结果页,请问老师 iPad用Google Chrome是否会出现这个问题,结果页显示的答案和学生实际选择的不符,等结果页,2026-02-25,上海宾藤,,,,8
fb-approval-0456,改写后入库,,student,学生库,学生,使用问题,不处理,结果页,老师好，想问问这个情况是正常的吗？可以如何避免吗？谢谢老师,新托福选择了但是没有显示,从录屏上看就是学生没填,2026-01-26,北京睿途,,,,8
fb-approval-0457,改写后入库,,student,学生库,学生,使用问题,不处理,结果页,您好，这边学生反映这个练习开始了但是不知道为什么时间结束显示学生没填答案，您能否后台看一下是什么原因呢,结果页没有显示答案,录屏中查看学生未作答,2026-01-19,洒脱教育,,,,8
fb-approval-0458,改写后入库,,student,学生库,学生,使用问题,不处理,结果页,您好，请问学生提交了这个链接 说做了 但是答案没有保存上 这边也没有查看到答题的记录 请问是什么原因呢？,提交后没有答案,技术也没有查询到,2026-01-11,洒脱教育,,,,8
fb-approval-0459,改写后入库,,student,学生库,学生,使用问题,不处理,错题分析,老师，这个学生已经做过真题练习了，这里为什么现实的是0？,答题后没有显示在错题本中,没有添加知识点导致,2026-01-31,至真国际,,,,8
fb-approval-0460,改写后入库,,student,学生库,学生,使用问题,客户未回复,题库/录题/单词书/模考；入学模考,这是什么问题,发送验证码的时候会提示机构账户到期（实际没有到期,提供链接后确认,2026-05-24,思麦儿,,,,8
fb-approval-0461,改写后入库,,student,学生库,学生,使用问题,不处理,题库/录题/单词书/模考；入学模考,我想问一下 我的入学测试已经设置好了题目和答案 但是只有一个学生做了一次 出了成绩；其他学生点进去注册以后 跳过了做题 直接显示这个页面 是什么原因,入学模考不能正常答题,等老师回复后查看,2026-03-06,鸭圈,,,,8
fb-approval-0462,改写后入库,,student,学生库,学生,使用问题,客户未回复,题库/录题/单词书/模考；单词书,你好 学员反映总是显示测试失败,提示单词发音评测失败,等回复,2026-05-27,秒懂,,,,8
fb-approval-0463,改写后入库,,student,学生库,学生,使用问题,不处理,题库/录题/单词书/模考；答题,下午好，AP微积分BC 2024年这套模考，学生在用系统内置的desmo作答时 有一个红色问号 英文显示我不懂这个括号。学生使用的是英文输入法，并且以前都是可以正常计算使用的，请问大概率是什么原因呢？,AP计算机会提示不支持某个符号,等老师回复,2026-04-30,洒脱教育,,,,8
fb-approval-0464,改写后入库,,student,学生库,学生,使用问题,不处理,题库/录题/单词书/模考；答题,校校，我们有个学生在做模考的时候，说选项是拖不动的，这个是怎么回事呢？,雅思拖拽题无法拖动选项,等老师回复,2026-02-26,曼哈顿国际,,,,8
fb-approval-0465,改写后入库,,student,学生库,学生,操作疑问,不处理,题库/录题/单词书/模考；答题,学生测试直接就直接显示答案了,从截图看是机构题库设置问题,已二次,2026-01-23,新航道上海,,,,8
fb-approval-0466,改写后入库,,student,学生库,学生,使用问题,不处理,题库/录题/单词书/模考；答题,老师，这份试卷点不动,back和 next 没有响应,等老师回复,2026-01-20,新航道武汉,,,,8
fb-approval-0467,改写后入库,,student,学生库,学生,使用问题,不处理,题库/录题/单词书/模考；错题分析,我看他只是会给你标出错题 但是并不是把所有错题放到一起的 也就是说不能通过点击“错题”去看我这套卷子错的这几道题,机构题库错题没有自动收录到错题本,题目没有录入知识点,2026-01-18,竞知学堂,,,,8
fb-approval-0468,改写后入库,,teacher,老师库,老师,使用问题,客户未回复,AI小新,“可不可以帮我统计戴雅莉的3.2-3.4号的单词完成率和总正确率” 这个指令显示无效。如果我的目的就是可以帮我做词汇的完成率和正确率的统计，我应该如何输入指令呢,AI小新指令无效,等老师回复,2026-03-05,飞虎,,,,8
fb-approval-0469,改写后入库,,teacher,老师库,老师,使用问题,已处理,AI小新,该学生是有完成词汇任务的，但是ai 查不到记录,AI小新没有查到准确的记录,等老师回复,2026-03-05,飞虎,,,,8
fb-approval-0470,改写后入库,,teacher,老师库,老师,使用问题,不处理,其他,老师请问下打开校校的系统经常卡顿是什么原因呀，电脑没开vpn， 重启也试过很多次,系统卡顿,回复了老师,2026-02-28,拓格教育,,,,8
fb-approval-0471,改写后入库,,teacher,老师库,老师,使用问题,,基础训练-单词,hello，李老师，中午好呀～这个例句是不是用的不太对？regular名词意思是常客，periodical是期刊,同义词替换，题干词性和正确答案选项词性不匹配,等回复,2026-06-10,玥玥老师,,,,8
fb-approval-0472,改写后入库,,teacher,老师库,老师,使用问题,客户未回复,小程序/公众号/二维码；公众号通知,最近系统好像有问题，课程更新它不通知了,公众号不发通知了,等回复,2026-03-15,杭州青澜,,,,8
fb-approval-0473,改写后入库,,teacher,老师库,老师,使用问题,不处理,小程序/公众号/二维码；结果页,这个生成图片突然这样子了，是什么问题？,结果页二维码显示颜色不对,等客户回复,2026-04-27,曼哈顿国际,,,,8
fb-approval-0474,改写后入库,,teacher,老师库,老师,使用问题,已处理,机构题目,这套题答案有问题,后台录入10个答案，前端没有显示,处理单个单词的填空类型,2026-01-27,啄木鸟,,,,8
fb-approval-0475,改写后入库,,teacher,老师库,老师,使用问题,,系统题目,这是26年3月第1套，数学里涉及到指数表达，格式不太好辨认,SAT数学指数不明显,李璐确认,2026-06-05,有明教育,,,,8
fb-approval-0476,改写后入库,,teacher,老师库,老师,使用问题,已处理,系统题目,这一题答案应该是对的，能辛苦后台帮忙改一下判定嘛[抱拳],答案判定修改,已修改，待重新提交,2026-01-02,曼哈顿国际,,,,8
fb-approval-0477,改写后入库,,teacher,老师库,老师,使用问题,不处理,结果页,老师，这个评语还有字数限制的吗？？,结果页评语字数,这个要提需求处理,2026-06-03,孚外教育,,,,8
fb-approval-0478,改写后入库,,teacher,老师库,老师,使用问题,不处理,结果页,你好，这一道题目学生答对了，但是判错误,学生答案和系统答案一致但是判错了，需要重新提交下,学生输入的符号不一致,2026-05-19,百获教育,,,,8
fb-approval-0479,改写后入库,,teacher,老师库,老师,使用问题,不处理,结果页,你好，学生做完了一套新托福的写作，但是答题界面只能显示第一道题，后续的题目都看不了,结果页界面不显示题目序号列表,老师回复可以了,2026-05-13,百获教育,,,,8
fb-approval-0480,改写后入库,,teacher,老师库,老师,使用问题,未复现,结果页,请老师们看看这个填空题哦,新托福complete the words答案显示不正确,需要提供结果页,2026-03-12,壹思唯,,,,8
fb-approval-0481,改写后入库,,teacher,老师库,老师,操作疑问,处理中,结果页,冲刺段 阅读练习题 页面右边应该只显示题目,结果页显示问题,等结果页,2026-02-11,壹思唯,,,,8
fb-approval-0482,改写后入库,,teacher,老师库,老师,操作疑问,已处理,结果页,结果页面的答题解析为什么不显示做的哪套题，只有router和upper这几个字,结果页不显示题目难度,未回复,2026-02-10,寸心,,,,8
fb-approval-0483,改写后入库,,teacher,老师库,老师,使用问题,不处理,结果页,老师 请教个问题 为什么这道题学生的答题事件是40s？是系统bug嘛？还是学生真的答了40s？官方限时是20s的,20s的题显示了40s作答时间,暂未复现,2026-02-06,择藤教育,,,,8
fb-approval-0484,改写后入库,,teacher,老师库,老师,使用问题,已处理,结果页,辛苦技术看一下，为什么学生作答了之后没有显示答题记录？,答题后没有作答记录,未复现，尝试处理了,2026-02-01,秒懂,,,,8
fb-approval-0485,改写后入库,,teacher,老师库,老师,使用问题,不处理,题库/录题/单词书/模考；入学模考,老师您好，有个学员的考试成绩在后台找不到了[发呆]叫周楚涵，您能帮忙看看么？,入学模考找不到了，但是看起来老师给的结果页不是入学模考,已经查询到了,2026-04-16,学而思,,,,8
fb-approval-0486,改写后入库,,teacher,老师库,老师,使用问题,不处理,题库/录题/单词书/模考；单词书,比如这个里的flashlight就只有ashlight,单词发音问题,老师单词录入问题,2026-05-21,杭州青澜,,,,8
fb-approval-0487,改写后入库,,teacher,老师库,老师,操作疑问,已处理,题库/录题/单词书/模考；单词书,老师 可以帮我们把新的单词上传一下系统嘛 我们自己上传的少页码不知道为什么,需要要一下原本的单词书,已二次确认,2026-03-28,寸心,,,,8
fb-approval-0488,改写后入库,,teacher,老师库,老师,操作疑问,不处理,题库/录题/单词书/模考；单词书,你好，这两个单词中文意思是错的,单词意思错误,已二次,2026-01-17,独课,,,,8
fb-approval-0489,改写后入库,,teacher,老师库,老师,操作疑问,已处理,题库/录题/单词书/模考；开放题库,您好请问如何把sat的题库全部开放给学生呐？,开放题库,先不要操作,2026-06-05,乐度国际,,,,8
fb-approval-0490,改写后入库,,teacher,老师库,老师,操作疑问,已处理,题库/录题/单词书/模考；开放题库,老师 请问下26新托福的题库什么时候更新呀,题库界面不显示新托福,已二次,2026-02-03,新航道武汉,,,,8
fb-approval-0491,改写后入库,,teacher,老师库,老师,使用问题,不处理,题库/录题/单词书/模考；机构题库,我录入的格式是有空行的，但是大纲预览之后，没有空行了,机构题库范文录入了空行，但是预览的时候没有了,格式问题，已回复,2026-05-09,秒懂,,,,8
fb-approval-0492,改写后入库,,teacher,老师库,老师,使用问题,不处理,题库/录题/单词书/模考；机构题库,我试图将编辑好的入学测试卷推送到首页“入学模考”板块，但是进入首页点击复制连接后出现如下,机构题库推送入学模考以后，复制链接无效,复制到中文了,2026-04-13,悠学,,,,8
fb-approval-0493,改写后入库,,teacher,老师库,老师,使用问题,不处理,题库/录题/单词书/模考；机构题库,为什么我录入题目的时候 这个系统会自动帮我X2,机构题库上传时，题目会x2,等老师回复,2026-02-09,东西方,,,,8
fb-approval-0494,改写后入库,,teacher,老师库,老师,使用问题,不处理,题库/录题/单词书/模考；机构题库,各位老师，这个答题时长为什么是0啊，我刚刚设置了30min,答题时间键入后还是显示0（机构题库推送入学模考）,老师输入的30min,2026-01-28,学而教育,,,,8
fb-approval-0495,改写后入库,,teacher,老师库,老师,使用问题,已处理,题库/录题/单词书/模考；机构题目,这个是客户的专属词表，推动到首页的入学测试，原本的词汇顺序就被打乱了，上面的序号是他们上传单词的时候自带的，跟单词一起的序号，想问下技术有办法调整为顺序吗,/,还有一个,2026-01-29,洒脱教育,,,,8
fb-approval-0496,改写后入库,,teacher,老师库,老师,操作疑问,客户未回复,题库/录题/单词书/模考；系统题目,老师那个网站里阅读题库都没有答案解析了,雅思真题第9套 / Reading Passage 1 (Honey bees in trouble) 没有解析,已二次确认,2026-03-26,新航道武汉,,,,8
fb-approval-0497,改写后入库,,teacher,老师库,老师,使用问题,不处理,题库/录题/单词书/模考；题库,校校上的关键词搜索，出来的信息不全，可以强化下模糊搜索么,题库界面搜索内容不全,已回复老师搜索题目规则,2026-03-19,朗思教育,,,,8
fb-approval-0498,改写后入库,,teacher,老师库,老师,使用问题,已处理,题库/录题/单词书/模考；题库,就是口语的这个答案句子 貌似去不掉,新托福repeat题无法隐藏答案,结果页版本一起优化,2026-03-11,新航道西安,,,,8
fb-approval-0499,改写后入库,,teacher,老师库,老师,使用问题,不处理,题库/录题/单词书/模考；题库,麻烦老师查看一下这个问题哈,题库界面SAT点击M2查看，会进入M1,等老师回复,2026-03-05,东西方,,,,8
fb-approval-0500,改写后入库,,sales,销售库,销售,使用问题,不处理,潜客相关,您好老师 帮忙看下 目前找到以下数据系统备注异常 帮忙看下是什么原因,无法添加沟通记录,沟通记录这个目前做了重复检测的限制，在跟进进度和沟通内容完全相同的情况下不能添加,2026-02-01,布谷龙途,,,,6
fb-approval-0501,改写后入库,,sales,销售库,销售,操作疑问,已处理,题库/录题/单词书/模考；入学模考,老师，我有一位学生测试之后留的我的名字，但是后台还是没显示成绩，方便帮我看下成绩吗？,入学模考查询,未回复,2026-02-01,独课,,,,0
fb-approval-0502,改写后入库,,sales,销售库,销售,操作疑问,不处理,题库/录题/单词书/模考；入学模考,老师辛苦帮忙看下贾佩霖的测试成绩，系统没有搜到~,入学模考查询,未回复,2026-01-10,新航道济南,,,,0
fb-approval-0503,改写后入库,,sales,销售库,销售,操作疑问,不处理,题库/录题/单词书/模考；入学模考,测试系统找不到学生是怎么回事哈,入学模考查询,未回复,2026-01-03,新航道北京,,,,0
fb-approval-0504,改写后入库,,student,学生库,学生,使用问题,不处理,题库/录题/单词书/模考；答题,入学测试写作部分的造句题有同学反映拖不动，麻烦帮忙看下什么问题,新托福造句题无法拖动,未复现,2026-03-06,上海蘑菇,,,,-2
fb-approval-0505,改写后入库,,academic,教务库,教务,使用问题,不处理,班级/排课/课时/考勤；订单/合同/报课/收费；订单,您好老师~我想问下，这个学生剩余的雅思辅导课2课时已经退出了，金额是为0的，为什么校校这里还是显示2课时~,课时不能退出,老师，您可以先检查班级课时、学生所在班级和转入班级配置是否完整；如果提示无剩余课时，通常需要先确认目标班级是否设置了总课时。,2026-05-28,帝联,,,,-10
fb-approval-0506,改写后入库,,academic,教务库,教务,使用问题,不处理,班级/排课/课时/考勤；订单/合同/报课/收费；订单,老师，这个为什么关联不了订单,订单无法关联班级,老师，您可以先检查班级课时、学生所在班级和转入班级配置是否完整；如果提示无剩余课时，通常需要先确认目标班级是否设置了总课时。,2026-03-09,立斯立行,,,,-16
fb-approval-0507,改写后入库,,academic,教务库,教务,使用问题,不处理,班级/排课/课时/考勤；订单/合同/报课/收费；课时,老师，请问下哦，这个学生的课时是对的，金额也是对的，但是系统中出现了-0.11是什么情况？,课时出现小数,老师，您可以先检查班级课时、学生所在班级和转入班级配置是否完整；如果提示无剩余课时，通常需要先确认目标班级是否设置了总课时。,2026-01-06,领鹿教育,,,,-16
fb-approval-0508,改写后入库,,academic,教务库,教务,使用问题,不处理,订单/合同/报课/收费；订单,老师们好，请问我们的订单费用和显示的余额不一致是什么原因,订单剩余金额和实际不匹配,不是问题,2026-02-05,领鹿教育,,,,-42
fb-approval-0509,改写后入库,,academic,教务库,教务,使用问题,处理中,订单/合同/报课/收费；课消统计,课消金额。25.3.1-25.12.31，我一个月一个月计算然后自己加权，和系统计算直接给出来的总额，差了快80w,课消金额不对,二次未回复,2026-01-17,图钉教育,,,,-42
fb-approval-0510,转人工/暂不入库,,teacher,老师库,老师,使用问题,不处理,账号登录/密码/手机号；错题分析,请问一对一的学生有错题分析吗？,公共账号不显示错题,公用账号数据限制,2026-03-03,JXLX,,,,38
fb-approval-0511,转人工/暂不入库,,student,学生库,学生,使用问题,不处理,作业/布置/批改/反馈；浏览器/网络/缓存；结果页,老师好，这份作业学生的module1答题记录消失了，麻烦看下能不能恢复哦,学生答题记录消失,学生使用的是Edge浏览器，技术查看没有提交记录,2026-01-18,NewWay,,,,20
fb-approval-0512,转人工/暂不入库,,academic,教务库,教务,使用问题,不处理,账号登录/密码/手机号；订单/合同/报课/收费；权限/角色/公池；课程管理,报课订单是什么,订单界面不显示任何订单，但是课程无法删除,课程下有订单，登录的是教务账号没给开订单审批权限,2026-05-28,芝仕汇,,,,19
fb-approval-0513,转人工/暂不入库,,teacher,老师库,老师,使用问题,不处理,题库/录题/单词书/模考；单词书,这道题答案错了,结果页答案错误（从描述看应该是单词书本身就错了，需要看下是否是机构自己上传的单词书,自己上传的,2026-04-25,秒懂,,,,8
fb-approval-0514,转人工/暂不入库,,teacher,老师库,老师,使用问题,不处理,账号登录/密码/手机号；云盘,云盘里面原来的内容都删除了，但是上面的空间还是没有释放出来,云盘是空的，但是显示没有容量,云盘空间是所有老师共用的，这上面还有其他老师账号传的内容,2026-06-02,菁鹰,,,,-6
fb-approval-0515,转人工/暂不入库,,teacher,老师库,老师,使用问题,未复现,作业/布置/批改/反馈；作业大纲,教学大纲，我关联后，发布，虽然设置了时间，每天都不同，但我发布后，学生端口还是全部都可以看到，并打开操作，所以还需要麻烦您把这个教学大纲的关联，再次说明一下，我们这边操作好像也没问题。,作业大纲发布后，选择按时间发布但是全部发布了,老师，您可以先确认作业是否已经成功布置、学生是否在对应班级内，以及作业状态是否已提交/已完成；如果状态正常但仍看不到，再提供学生账号和作业链接转人工排查。,2026-01-25,澳信教育,,,,-7
fb-approval-0516,转人工/暂不入库,,teacher,老师库,老师,使用问题,已处理,作业/布置/批改/反馈；结果页,老师，您看下，这个孩子有错题，怎么还会是满分呢[发呆],学生分数是满分，但是实际上有很多错题,技术反馈是因为用这套题打了知识点，导致算分有问题。技术把知识点恢复重新提交下,2026-03-03,瑞祺留学,,,,-7
fb-approval-0517,转人工/暂不入库,,teacher,老师库,老师,使用问题,已处理,作业/布置/批改/反馈；题库/录题/单词书/模考；结果页,这个gre模考有点问题哦，错题数何实际错的对不上,错题数量不对,技术反馈是因为用这套题打了知识点，导致算分有问题。技术把知识点恢复重新提交下,2026-02-28,盎睿博识,,,,-7
fb-approval-0518,转人工/暂不入库,,student,学生库,学生,使用问题,已处理,权限/角色/公池；答题,学生端看不到题目哈,雅思题目不显示,之前技术用这套题打了知识点，没有恢复，所以不显示。现在可以了,2026-03-09,杭州肆墨,,,,-11
fb-approval-0519,转人工/暂不入库,,academic,教务库,教务,使用问题,已处理,作业/布置/批改/反馈；系统设置,你好，请问一下我们反馈模版不想要这个评分项只需要文字评价，怎么操作,自定义课堂反馈内容删除（不知道为什么出现了很多重复的,目前技术删除了重复的,2026-01-17,开璞教育,,,,-13
fb-approval-0520,转人工/暂不入库,,student,学生库,学生,使用问题,不处理,作业/布置/批改/反馈；笔记,我现在删除了刚才做的笔记，黄点也没消失，这是bug吧,删除笔记后黄点依旧存在,需要作业结果页，老师未回复（已二次）,2026-01-12,秒懂,,,,-13
fb-approval-0521,转人工/暂不入库,,teacher,老师库,老师,使用问题,不处理,作业/布置/批改/反馈；结果页,你好这个之前语法有具体错几个的 现在没有了 能恢复这个功能,基础批改的语法错误不显示数量,这个是在另外的批改详情列表内,2026-03-25,浙江澜大,,,,-13
fb-approval-0522,转人工/暂不入库,,teacher,老师库,老师,使用问题,不处理,作业/布置/批改/反馈；题库/录题/单词书/模考；基础训练-单词,老师们好，这里先留言，请问我们雅思基础词汇无法布置了吗？,反馈单词书无法布置,在确认是否是后台将单元删除了,2026-06-05,洒脱教育,,,,-13
fb-approval-0523,转人工/暂不入库,,teacher,老师库,老师,使用问题,已处理,音频/录音/听力；题库/录题/单词书/模考；机构题库,老师影子跟读题目无法上传，我们是有file size限制吗？,机构题库音频无法上传,老师，您可以先让学生使用 Chrome 浏览器重新进入，并刷新页面或清理缓存。如果音频超过 15 秒仍未加载，可按页面提示下载音频本地播放；仍不行的话，再提供学生账号、测试链接和截图转人工排查。,2026-03-31,拓君达,,,,-14
fb-approval-0524,转人工/暂不入库,,sales,销售库,销售,使用问题,未复现,浏览器/网络/缓存；订单/合同/报课/收费；电子合同,我这份合同家长已经签完了，但是我想下载发给家长，打开怎么是空白的呀？但是又能看到家长的签名,合同显示空白,目前还没有复现。可以确认下家长使用的什么手机和浏览器吗。帮客户处理了数据,2026-06-03,杭州青澜,,,,-17
fb-approval-0525,转人工/暂不入库,,sales,销售库,销售,使用问题,不处理,班级/排课/课时/考勤；订单/合同/报课/收费；订单,Doreen，还是之前我私信你的问题。 我有操作了一番。 目前这个学生，还是有1.5小时的问题 1. 他付费183000元（1000元/小时） 2.上的课程如下： 小托福123h 雅思36h 托福22.5h 3.我前面在系统上操作了雅思的退费1500元和退课时1.5小时。但是雅思的课程价格这里还是显示37500元,订单退费后金额数据不对,学员管理那里的课程价格显示的是订单的总额，不会因为退费减少，这个学生退费了1.5课时，刚好是0，不存在还剩余1.5课时的情况,2026-01-05,飞虎,,,,-18
fb-approval-0526,转人工/暂不入库,,teacher,老师库,老师,使用问题,已处理,小程序/公众号/二维码；公众号通知,我这里也收不到消息提醒了 流程我看了也没问题,公众号收不到消息通知,重新嫁接公众号的时候数据没有删除完，技术需要再处理下，预计明天处理完成,2026-01-28,琢思未来,,,,-36
fb-approval-0527,转人工/暂不入库,,teacher,老师库,老师,使用问题,不处理,题库/录题/单词书/模考；机构题库,那个翻译的第1题没有方框出现，第5题也有bug,机构题库格式问题,老师上传的问题应该有什么格式，删除后重新输入，可以正常导入了,2026-04-13,悠学,,,,-36
fb-approval-0528,转人工/暂不入库,,student,学生库,学生,使用问题,已处理,答题,老师为什么更新之后边框都变成这样呢,新托福考试界面变成长方形的了，而且无法填充页面,已经恢复修改之前的大小,2026-05-28,东西方,,,,-42
fb-approval-0529,转人工/暂不入库,,student,学生库,学生,使用问题,不处理,结果页,辛苦打扰大家了，学生不小心叉掉之后写的内容全部没有了，能恢复吗[抱拳],答题记录需要看下能否恢复,技术查看没有答题记录,2026-01-28,偏锋出国,,,,-42
fb-approval-0530,转人工/暂不入库,,sales,销售库,销售,使用问题,已处理,订单/合同/报课/收费；订单,莱斯退学杂费无法通过审批看下,学杂费无法退费,之前修改过这个问题，更新的时候漏更了，所以一直有问题，这个问题今晚上2.7更新,2026-02-07,中山莱斯,,,,-44
fb-approval-0531,转人工/暂不入库,,sales,销售库,销售,使用问题,不处理,订单/合同/报课/收费；订单,老师 请问下，当时学生订单做的是欠费报名，所以实际付款金额录入的时候是0,0元订单不能退费删除,0元订单不能退费删除，已经和老师确认是否需要后台操作删除,2026-01-25,朗思教育,,,,-44
fb-approval-0532,转人工/暂不入库,,principal,校长库,校长,使用问题,已处理,订单/合同/报课/收费；订单,因为没有删除的选项 我按照你这个步骤 找到这两笔订单；不是我之前退费的那笔订单,订单没有显示删除,技术查看未处理,2026-01-11,图钉教育,,,,-50
fb-approval-0533,转人工/暂不入库,,sales,销售库,销售,操作疑问,未复现,订单/合同/报课/收费；合同,老师您好，这个合同签署的时候为什么联系方式都不显示的啊？,合同不显示联系方式,未回复,2026-02-13,智成教育,,,,-50
fb-approval-0534,转人工/暂不入库,,sales,销售库,销售,使用问题,不处理,订单/合同/报课/收费；电子合同,老师，这个合同签好了，打开显示不全，是什么原因啊,合同显示不完整,老师说重新签了,2026-02-27,智成教育,,,,-50
fb-approval-0535,转人工/暂不入库,,sales,销售库,销售,使用问题,不处理,订单/合同/报课/收费；电子合同,就是标准的公章，扣完图传到系统里，尺寸就不对了，这是什么原因,电子合同公章尺寸上传后变化了,客户自己上传的图片太小了,2026-01-19,爱英格知成都,,,,-50
